UDI,Product_ID,Type,Air_temperature_K,Process_temperature_K,Rotational_speed_rpm,Torque_Nm,Tool_wear_min,Machine_failure,Failure_type
1,M00000,H,301.71,311.01,1525,44.29,13,0,No Failure
2,M00001,L,300.34,310.02,1700,42.2,180,0,No Failure
3,M00002,H,302.05,311.96,1155,30.45,246,0,No Failure
4,M00003,L,299.66,309.26,1303,30.06,41,0,No Failure
5,M00004,M,304.26,314.75,1690,28.76,165,0,No Failure
6,M00005,L,299.92,309.19,2060,49.79,239,1,General Failure
7,M00006,M,297.43,307.69,1997,35.53,54,0,No Failure
8,M00007,L,300.4,310.19,1271,40.59,231,1,General Failure
9,M00008,H,300.98,310.36,1475,42.44,173,0,No Failure
10,M00009,L,302.64,311.46,1458,32.43,98,0,No Failure
11,M00010,H,298.99,306.87,2161,39.81,223,1,General Failure
12,M00011,L,298.85,308.11,1339,35.89,194,0,No Failure
13,M00012,L,299.41,310.14,1577,31.35,141,0,No Failure
14,M00013,M,299.16,308.82,1821,36.48,55,0,No Failure
15,M00014,H,295.58,307.41,1694,30.29,87,0,No Failure
16,M00015,L,301.46,310.35,1207,38.54,73,0,No Failure
17,M00016,H,302.57,312.15,2021,37.8,92,0,No Failure
18,M00017,H,298.39,306.54,994,40.44,96,0,No Failure
19,M00018,L,297.93,309.28,1581,53.54,114,0,No Failure
20,M00019,M,299.68,308.1,1413,38.82,177,0,No Failure
21,M00020,M,298.28,308.8,1159,51.4,124,0,No Failure
22,M00021,H,301.62,311.95,1419,50.28,151,0,No Failure
23,M00022,M,298.69,311.75,1412,35.22,245,0,No Failure
24,M00023,L,301.25,312.82,1219,32.87,170,0,No Failure
25,M00024,L,297.41,308.34,1374,34.64,183,0,No Failure
26,M00025,L,297.06,307.23,1454,46.35,212,1,General Failure
27,M00026,L,296.77,308.99,1549,41.66,103,0,No Failure
28,M00027,H,297.05,306.63,960,44.1,243,1,General Failure
29,M00028,L,300.88,309.43,1369,45.59,150,0,No Failure
30,M00029,L,301.74,312.8,1519,44.63,52,0,No Failure
31,M00030,L,300.29,310.24,1759,51.48,226,1,General Failure
32,M00031,M,300.44,309.63,1788,24.19,233,0,No Failure
33,M00032,H,295.42,305.85,1062,38.43,115,0,No Failure
34,M00033,M,302.3,312.92,1353,28.69,239,0,No Failure
35,M00034,L,297.44,305.63,1568,51.71,58,0,No Failure
36,M00035,H,302.69,313.86,1694,40.81,159,0,No Failure
37,M00036,L,305.0,317.37,1940,42.1,41,0,No Failure
38,M00037,M,300.13,309.69,1429,30.5,29,0,No Failure
39,M00038,L,301.29,309.54,1193,41.75,126,0,No Failure
40,M00039,L,301.28,311.62,1520,46.56,146,0,No Failure
41,M00040,M,297.28,307.17,1572,38.14,133,0,No Failure
42,M00041,M,297.66,308.62,1346,43.33,2,0,No Failure
43,M00042,L,298.57,309.7,1277,42.93,185,0,No Failure
44,M00043,L,300.31,310.2,1663,30.21,110,0,No Failure
45,M00044,L,301.74,313.58,1182,42.07,235,0,No Failure
46,M00045,L,300.24,308.0,1366,38.66,185,0,No Failure
47,M00046,L,302.28,311.48,1583,33.85,232,0,No Failure
48,M00047,H,298.95,309.21,1548,52.4,52,0,No Failure
49,M00048,H,297.08,307.59,1524,47.22,14,0,No Failure
50,M00049,L,300.06,309.99,1271,40.32,108,0,No Failure
51,M00050,M,299.89,310.47,900,37.8,98,0,No Failure
52,M00051,L,297.07,305.58,1283,50.09,100,0,No Failure
53,M00052,H,302.12,309.43,1666,33.1,141,0,No Failure
54,M00053,L,298.03,309.06,1727,45.88,19,0,No Failure
55,M00054,M,298.51,310.15,1893,52.03,168,0,No Failure
56,M00055,L,300.46,310.52,1638,28.42,153,0,No Failure
57,M00056,L,297.79,306.46,1860,39.6,201,0,No Failure
58,M00057,L,301.28,310.51,1494,26.34,132,0,No Failure
59,M00058,H,300.81,311.59,1617,65.74,139,0,No Failure
60,M00059,L,300.95,311.26,2039,38.4,83,0,No Failure
61,M00060,L,300.01,311.64,1334,44.12,53,0,No Failure
62,M00061,H,299.03,311.06,1372,53.31,45,0,No Failure
63,M00062,H,298.45,309.99,1810,33.06,68,0,No Failure
64,M00063,L,300.65,310.45,1730,44.19,174,0,No Failure
65,M00064,L,302.84,314.16,1092,32.3,12,0,No Failure
66,M00065,M,301.64,312.32,1842,56.68,59,0,No Failure
67,M00066,L,300.79,311.12,1320,39.79,180,0,No Failure
68,M00067,L,302.1,312.38,1336,44.72,138,0,No Failure
69,M00068,H,302.78,312.74,1770,41.07,129,0,No Failure
70,M00069,H,297.46,306.32,1635,59.24,3,0,No Failure
71,M00070,L,299.96,310.46,1649,43.87,62,0,No Failure
72,M00071,L,302.57,311.71,1874,38.1,228,0,No Failure
73,M00072,M,298.72,308.72,1762,33.78,219,0,No Failure
74,M00073,M,299.1,310.1,900,44.7,238,1,General Failure
75,M00074,L,301.33,312.31,1586,30.68,68,0,No Failure
76,M00075,L,299.62,307.46,1693,42.79,138,0,No Failure
77,M00076,L,302.56,311.79,1514,38.51,111,0,No Failure
78,M00077,M,299.44,308.17,1447,40.9,208,0,No Failure
79,M00078,L,301.31,311.67,1576,32.2,152,0,No Failure
80,M00079,M,305.25,314.4,1572,35.12,11,0,No Failure
81,M00080,L,302.45,313.59,1499,32.1,4,0,No Failure
82,M00081,M,297.3,306.78,1480,40.75,7,0,No Failure
83,M00082,L,297.94,308.51,1239,53.94,205,1,General Failure
84,M00083,L,298.01,306.87,1537,48.02,220,1,General Failure
85,M00084,L,299.98,309.11,1331,48.47,31,0,No Failure
86,M00085,M,297.2,306.88,1714,56.02,92,0,No Failure
87,M00086,M,301.23,311.75,1376,24.11,133,0,No Failure
88,M00087,M,303.62,311.18,1407,53.15,13,0,No Failure
89,M00088,L,303.29,313.38,1178,31.39,0,0,No Failure
90,M00089,L,298.51,306.78,1437,50.5,107,0,No Failure
91,M00090,L,299.5,309.69,1642,39.62,203,0,No Failure
92,M00091,L,299.45,307.31,1208,46.2,166,0,No Failure
93,M00092,L,298.37,307.83,1788,16.4,192,0,No Failure
94,M00093,L,303.55,314.95,1519,31.7,112,0,No Failure
95,M00094,M,298.65,310.34,1441,39.78,161,0,No Failure
96,M00095,L,297.77,306.53,1681,47.16,197,1,General Failure
97,M00096,L,300.8,312.78,1579,32.59,249,0,No Failure
98,M00097,M,300.74,310.19,1007,17.53,136,0,No Failure
99,M00098,H,303.18,313.18,1744,30.4,80,0,No Failure
100,M00099,M,303.2,313.75,1647,32.54,16,0,No Failure
101,M00100,L,299.67,309.74,1481,46.4,17,0,No Failure
102,M00101,L,295.74,306.11,900,28.52,162,0,No Failure
103,M00102,M,301.43,311.59,900,49.37,113,0,No Failure
104,M00103,L,301.69,312.66,1031,40.16,143,0,No Failure
105,M00104,M,303.72,313.91,1692,39.84,10,0,No Failure
106,M00105,L,296.8,306.22,1728,43.36,143,0,No Failure
107,M00106,L,297.63,306.37,1514,47.81,119,0,No Failure
108,M00107,M,303.21,311.9,1475,42.68,64,0,No Failure
109,M00108,L,303.35,313.17,917,36.63,183,0,No Failure
110,M00109,L,302.67,313.44,1473,36.72,54,0,No Failure
111,M00110,L,299.96,310.25,1245,40.09,195,0,No Failure
112,M00111,L,302.65,312.2,1438,40.39,152,0,No Failure
113,M00112,H,298.86,309.28,1223,33.87,114,0,No Failure
114,M00113,M,297.44,306.68,1680,42.34,210,0,No Failure
115,M00114,M,299.86,309.91,1405,39.05,224,0,No Failure
116,M00115,M,300.19,310.64,1574,40.46,197,0,No Failure
117,M00116,L,301.63,311.09,1473,39.01,1,0,No Failure
118,M00117,L,302.21,313.7,1304,25.88,76,0,No Failure
119,M00118,L,296.36,307.59,1104,34.09,226,0,No Failure
120,M00119,H,300.54,310.11,1164,38.11,0,0,No Failure
121,M00120,L,300.96,311.6,1256,34.07,109,0,No Failure
122,M00121,M,297.37,307.5,1506,39.33,110,0,No Failure
123,M00122,M,299.41,309.71,1990,43.85,200,1,General Failure
124,M00123,L,300.06,310.36,1587,57.34,148,1,General Failure
125,M00124,M,300.86,312.33,1462,51.64,76,0,No Failure
126,M00125,M,298.18,308.5,1715,33.03,52,0,No Failure
127,M00126,L,298.71,309.0,1206,37.79,125,0,No Failure
128,M00127,M,297.68,308.73,1562,36.24,187,0,No Failure
129,M00128,L,300.63,311.64,1566,33.27,168,0,No Failure
130,M00129,L,299.25,311.24,932,31.68,224,0,No Failure
131,M00130,H,298.73,307.74,1563,35.53,28,0,No Failure
132,M00131,H,301.24,312.0,1341,42.74,83,0,No Failure
133,M00132,M,299.58,307.4,1463,50.12,128,0,No Failure
134,M00133,L,297.47,307.49,1421,59.22,151,0,No Failure
135,M00134,M,302.25,310.72,1523,50.23,66,0,No Failure
136,M00135,M,301.92,310.36,1293,33.8,107,0,No Failure
137,M00136,L,300.86,310.71,1707,37.1,101,0,No Failure
138,M00137,M,297.8,306.53,1737,46.48,1,0,No Failure
139,M00138,L,302.19,311.83,1241,47.01,51,0,No Failure
140,M00139,H,298.72,305.51,1549,49.21,187,0,No Failure
141,M00140,L,296.1,307.7,1432,25.5,23,0,No Failure
142,M00141,H,299.66,306.5,1815,45.57,164,0,No Failure
143,M00142,L,303.6,312.8,1294,37.7,53,0,No Failure
144,M00143,L,299.0,310.98,1526,48.33,24,0,No Failure
145,M00144,M,301.12,309.5,1444,33.71,88,0,No Failure
146,M00145,H,302.71,314.7,1131,44.54,197,0,No Failure
147,M00146,M,300.3,311.58,1762,33.32,14,0,No Failure
148,M00147,M,299.28,309.18,1561,49.88,228,1,General Failure
149,M00148,L,299.94,309.51,1182,38.35,155,0,No Failure
150,M00149,M,301.1,310.76,1701,57.45,183,1,General Failure
151,M00150,L,298.88,309.2,1737,25.14,132,0,No Failure
152,M00151,H,300.63,311.77,1100,27.27,81,0,No Failure
153,M00152,M,301.05,312.61,1429,50.27,68,0,No Failure
154,M00153,L,299.15,306.68,1418,42.46,61,0,No Failure
155,M00154,M,301.38,312.41,1436,40.13,108,0,No Failure
156,M00155,L,301.06,311.79,1464,34.96,78,0,No Failure
157,M00156,H,299.26,307.82,1381,43.84,79,0,No Failure
158,M00157,M,299.55,310.6,1044,45.38,91,0,No Failure
159,M00158,L,300.15,311.25,1495,39.45,11,0,No Failure
160,M00159,M,299.62,310.7,1154,46.05,247,1,General Failure
161,M00160,M,299.5,309.43,1336,57.8,185,0,No Failure
162,M00161,M,297.85,308.79,1615,43.58,34,0,No Failure
163,M00162,H,300.14,311.58,1961,53.42,61,0,No Failure
164,M00163,L,301.41,310.65,1842,37.54,17,0,No Failure
165,M00164,L,301.22,310.64,1319,35.88,100,0,No Failure
166,M00165,L,298.26,307.58,1446,33.07,105,0,No Failure
167,M00166,L,301.06,312.46,1845,29.28,123,0,No Failure
168,M00167,L,301.16,311.19,1643,32.9,140,0,No Failure
169,M00168,M,298.07,307.21,1728,34.7,140,0,No Failure
170,M00169,H,300.98,309.78,1303,43.87,43,0,No Failure
171,M00170,M,299.58,308.08,1653,26.84,172,0,No Failure
172,M00171,M,299.18,309.45,1680,52.11,184,0,No Failure
173,M00172,H,300.4,311.39,1865,25.95,38,0,No Failure
174,M00173,M,299.51,311.01,1967,46.08,236,1,General Failure
175,M00174,L,295.45,304.27,1356,43.54,8,0,No Failure
176,M00175,M,300.35,309.21,1880,42.99,158,0,No Failure
177,M00176,L,297.68,306.55,1457,36.76,223,0,No Failure
178,M00177,M,299.74,308.72,1548,45.32,181,0,No Failure
179,M00178,H,301.3,309.51,1891,20.36,50,0,No Failure
180,M00179,L,299.46,311.24,1582,55.17,154,0,No Failure
181,M00180,H,299.03,309.55,1668,44.63,176,0,No Failure
182,M00181,L,300.2,309.57,1952,44.94,20,0,No Failure
183,M00182,H,300.92,307.87,2104,40.2,63,0,No Failure
184,M00183,L,298.24,309.81,1711,30.68,163,0,No Failure
185,M00184,M,298.65,309.52,1281,35.94,23,0,No Failure
186,M00185,L,300.92,311.02,1580,27.3,226,0,No Failure
187,M00186,L,303.12,313.92,1384,38.48,231,0,No Failure
188,M00187,L,299.91,309.06,1429,44.4,11,0,No Failure
189,M00188,L,301.67,312.38,1610,25.19,113,0,No Failure
190,M00189,M,298.43,307.74,1447,49.34,139,0,No Failure
191,M00190,M,299.93,310.42,1510,39.44,101,0,No Failure
192,M00191,L,300.06,309.82,1479,37.3,32,0,No Failure
193,M00192,M,297.33,305.74,1463,46.27,136,0,No Failure
194,M00193,L,299.87,308.55,1022,38.08,49,0,No Failure
195,M00194,H,299.53,310.75,1429,38.36,67,0,No Failure
196,M00195,L,294.8,305.92,1448,40.48,102,0,No Failure
197,M00196,M,299.72,309.44,1878,33.0,70,0,No Failure
198,M00197,H,300.47,309.59,1694,38.98,234,0,No Failure
199,M00198,L,300.36,309.77,1556,26.57,208,0,No Failure
200,M00199,M,300.51,310.9,1340,40.99,143,0,No Failure
201,M00200,M,297.65,305.96,1610,55.98,232,1,General Failure
202,M00201,M,298.39,309.47,1118,42.43,137,0,No Failure
203,M00202,M,299.47,308.45,1650,44.22,124,0,No Failure
204,M00203,L,298.12,306.73,1304,44.61,106,0,No Failure
205,M00204,H,298.91,308.82,1313,30.34,69,0,No Failure
206,M00205,L,302.28,314.48,1773,35.47,221,0,No Failure
207,M00206,H,298.08,307.2,1486,40.46,98,0,No Failure
208,M00207,M,299.16,308.65,1445,39.83,148,0,No Failure
209,M00208,M,303.49,312.06,1184,32.24,189,0,No Failure
210,M00209,H,299.58,309.82,1816,36.35,134,0,No Failure
211,M00210,L,297.86,308.12,900,38.62,118,0,No Failure
212,M00211,H,300.37,310.3,1606,41.9,61,0,No Failure
213,M00212,L,300.22,309.7,1557,24.92,33,0,No Failure
214,M00213,M,300.15,310.52,1600,44.12,174,0,No Failure
215,M00214,L,296.58,307.46,1332,43.36,196,0,No Failure
216,M00215,L,300.45,309.86,1226,34.65,41,0,No Failure
217,M00216,L,300.65,310.29,1935,20.17,27,0,No Failure
218,M00217,M,304.0,313.17,1608,38.16,220,0,No Failure
219,M00218,L,301.27,310.54,1725,26.23,182,0,No Failure
220,M00219,L,299.07,310.41,1077,46.67,222,1,General Failure
221,M00220,M,300.57,309.31,1744,31.11,78,0,No Failure
222,M00221,L,301.29,311.42,1869,49.14,203,0,No Failure
223,M00222,H,299.68,310.82,1704,58.48,60,0,No Failure
224,M00223,L,299.89,309.21,1067,49.09,61,0,No Failure
225,M00224,H,302.7,313.3,1198,42.06,42,0,No Failure
226,M00225,M,300.97,311.75,900,32.54,185,0,No Failure
227,M00226,H,301.03,309.22,1554,39.53,110,0,No Failure
228,M00227,M,298.11,309.17,1737,39.97,83,0,No Failure
229,M00228,L,300.88,309.59,1559,31.35,78,0,No Failure
230,M00229,L,296.28,306.33,1361,17.22,171,0,No Failure
231,M00230,H,302.49,310.59,1243,36.82,74,0,No Failure
232,M00231,H,299.15,307.13,1689,44.5,71,0,No Failure
233,M00232,L,301.33,310.93,1221,41.1,13,0,No Failure
234,M00233,L,302.85,314.66,1962,37.13,35,0,No Failure
235,M00234,L,297.94,310.87,1621,32.56,203,0,No Failure
236,M00235,M,302.39,315.55,1845,40.84,84,0,No Failure
237,M00236,L,300.55,312.08,1529,50.26,189,0,No Failure
238,M00237,M,302.39,313.72,1430,13.61,54,0,No Failure
239,M00238,L,299.4,310.24,1621,53.79,136,0,No Failure
240,M00239,M,298.76,309.49,1289,36.33,185,0,No Failure
241,M00240,L,302.69,312.2,1437,38.11,31,0,No Failure
242,M00241,H,300.97,310.38,1460,38.48,198,0,No Failure
243,M00242,L,300.24,310.69,1250,28.38,192,0,No Failure
244,M00243,L,297.88,308.38,1615,49.82,205,0,No Failure
245,M00244,L,302.75,311.97,1205,22.93,106,0,No Failure
246,M00245,M,299.48,308.02,999,44.0,1,0,No Failure
247,M00246,L,299.71,308.8,1401,21.82,142,0,No Failure
248,M00247,L,298.78,312.71,1444,48.08,48,0,No Failure
249,M00248,H,300.17,309.29,1393,32.27,195,0,No Failure
250,M00249,L,301.32,312.99,1465,45.81,170,0,No Failure
251,M00250,M,300.02,311.43,1505,46.61,167,0,No Failure
252,M00251,L,299.96,311.21,1541,52.05,94,0,No Failure
253,M00252,L,299.05,308.28,1478,40.11,240,0,No Failure
254,M00253,H,303.07,315.44,1459,44.99,221,1,General Failure
255,M00254,L,303.33,313.65,1066,47.79,157,0,No Failure
256,M00255,L,299.55,308.8,1593,34.8,177,0,No Failure
257,M00256,L,298.39,307.5,1731,38.02,15,0,No Failure
258,M00257,M,300.64,310.43,1373,59.87,130,0,No Failure
259,M00258,M,296.93,309.41,1271,21.23,47,0,No Failure
260,M00259,L,300.6,309.02,1707,53.47,11,0,No Failure
261,M00260,L,300.64,309.8,1327,40.35,90,0,No Failure
262,M00261,L,300.43,310.41,1537,35.94,131,0,No Failure
263,M00262,L,303.25,313.79,1616,26.25,133,0,No Failure
264,M00263,M,303.72,312.41,1777,40.7,115,0,No Failure
265,M00264,M,300.99,309.76,2284,48.0,90,0,No Failure
266,M00265,H,299.4,308.69,1452,39.39,241,0,No Failure
267,M00266,L,302.14,312.89,900,54.74,138,0,No Failure
268,M00267,L,302.35,312.1,1538,33.34,241,0,No Failure
269,M00268,L,297.75,307.43,1311,36.53,58,0,No Failure
270,M00269,H,298.67,308.85,1673,39.92,204,0,No Failure
271,M00270,H,299.59,309.68,1604,34.97,212,0,No Failure
272,M00271,H,296.83,307.9,1744,40.78,19,0,No Failure
273,M00272,M,297.91,306.99,1504,33.38,42,0,No Failure
274,M00273,H,303.32,313.28,1741,29.56,206,0,No Failure
275,M00274,M,297.62,306.8,1383,35.2,31,0,No Failure
276,M00275,M,301.77,312.58,1701,44.53,166,0,No Failure
277,M00276,L,298.52,309.45,1228,47.32,58,0,No Failure
278,M00277,M,302.06,311.72,1273,31.99,97,0,No Failure
279,M00278,M,300.74,312.1,1475,50.43,193,0,No Failure
280,M00279,M,301.88,311.6,1666,40.97,159,0,No Failure
281,M00280,M,297.37,308.99,1255,39.29,216,0,No Failure
282,M00281,M,300.68,310.17,1500,32.06,111,0,No Failure
283,M00282,L,298.99,308.42,1661,40.74,165,0,No Failure
284,M00283,L,301.61,309.8,1677,36.19,10,0,No Failure
285,M00284,L,301.51,310.26,1208,32.13,122,0,No Failure
286,M00285,L,300.44,309.94,1971,46.63,93,0,No Failure
287,M00286,H,299.86,307.29,1403,45.89,138,0,No Failure
288,M00287,L,300.08,310.01,1603,40.18,247,0,No Failure
289,M00288,M,300.6,311.57,1884,49.6,219,1,General Failure
290,M00289,H,299.1,309.69,1306,48.0,156,0,No Failure
291,M00290,M,299.24,309.43,1010,45.73,181,0,No Failure
292,M00291,M,298.84,309.59,1808,41.7,189,0,No Failure
293,M00292,M,298.03,307.3,1133,33.03,234,0,No Failure
294,M00293,M,302.15,311.53,1537,40.16,190,0,No Failure
295,M00294,H,297.5,308.45,1277,46.64,138,0,No Failure
296,M00295,L,302.65,312.44,1990,40.87,119,0,No Failure
297,M00296,M,301.49,312.62,1596,40.78,138,0,No Failure
298,M00297,H,296.74,306.12,1951,42.49,19,0,No Failure
299,M00298,L,296.49,307.26,1638,48.45,48,0,No Failure
300,M00299,L,300.14,311.57,1365,32.73,55,0,No Failure
301,M00300,L,298.0,307.85,1734,47.21,52,0,No Failure
302,M00301,H,300.37,312.35,1242,54.14,181,1,General Failure
303,M00302,L,301.96,313.78,1358,27.6,81,0,No Failure
304,M00303,L,300.79,307.86,1736,30.09,55,0,No Failure
305,M00304,H,299.67,312.79,1696,41.51,13,0,No Failure
306,M00305,L,299.73,307.76,1258,53.11,55,0,No Failure
307,M00306,L,302.99,315.89,1460,52.94,113,0,No Failure
308,M00307,L,299.39,308.28,1448,47.23,228,1,General Failure
309,M00308,L,303.51,310.94,1174,46.42,143,0,No Failure
310,M00309,H,304.12,312.46,1793,41.7,193,0,No Failure
311,M00310,L,299.4,309.9,1178,42.44,120,0,No Failure
312,M00311,M,300.7,309.44,1470,52.11,208,1,General Failure
313,M00312,H,303.5,312.77,1491,32.11,38,0,No Failure
314,M00313,L,298.77,310.17,1517,37.91,230,0,No Failure
315,M00314,M,300.99,309.73,900,45.1,68,0,No Failure
316,M00315,L,302.22,312.76,1537,54.29,193,0,No Failure
317,M00316,L,298.12,309.59,1337,33.03,207,0,No Failure
318,M00317,M,300.89,308.62,1833,38.84,32,0,No Failure
319,M00318,L,300.42,308.97,1117,43.83,148,0,No Failure
320,M00319,M,299.13,309.34,1747,46.96,69,0,No Failure
321,M00320,L,303.2,313.15,1638,56.57,143,0,No Failure
322,M00321,M,299.91,310.2,1289,48.37,216,1,General Failure
323,M00322,M,304.66,312.21,1552,35.98,47,0,No Failure
324,M00323,L,301.59,310.53,1667,31.93,160,0,No Failure
325,M00324,L,298.8,309.23,1164,29.32,165,0,No Failure
326,M00325,M,300.71,311.37,1044,27.37,224,0,No Failure
327,M00326,L,298.69,310.17,1405,38.72,38,0,No Failure
328,M00327,L,301.8,311.3,1665,57.72,173,1,General Failure
329,M00328,M,301.49,310.58,1591,41.9,56,0,No Failure
330,M00329,L,297.86,306.65,1521,36.07,88,0,No Failure
331,M00330,L,299.38,308.23,1348,41.01,18,0,No Failure
332,M00331,M,301.12,308.63,1376,36.71,91,0,No Failure
333,M00332,H,300.31,312.3,1726,54.72,106,0,No Failure
334,M00333,L,298.27,307.69,1637,44.75,91,0,No Failure
335,M00334,H,302.33,311.43,1933,34.79,241,0,No Failure
336,M00335,L,302.86,312.04,1673,43.21,129,0,No Failure
337,M00336,H,297.27,307.88,1548,44.78,55,0,No Failure
338,M00337,M,303.07,313.13,1415,33.82,164,0,No Failure
339,M00338,L,296.17,305.16,1507,31.04,149,0,No Failure
340,M00339,L,299.89,311.03,1901,40.31,163,0,No Failure
341,M00340,L,298.85,309.1,1393,19.03,111,0,No Failure
342,M00341,L,299.07,308.76,1435,28.81,190,0,No Failure
343,M00342,L,300.5,310.42,1585,43.05,216,0,No Failure
344,M00343,L,297.86,309.2,1642,46.44,65,0,No Failure
345,M00344,L,299.94,310.7,1862,54.74,223,1,General Failure
346,M00345,L,303.44,313.24,1484,44.22,217,0,No Failure
347,M00346,L,301.03,312.19,2076,41.22,176,0,No Failure
348,M00347,M,303.05,310.37,1539,36.73,20,0,No Failure
349,M00348,L,301.83,312.61,1581,36.59,32,0,No Failure
350,M00349,M,296.95,305.86,1596,48.84,129,0,No Failure
351,M00350,L,303.61,312.78,1878,44.05,195,0,No Failure
352,M00351,M,301.81,311.44,1761,49.55,196,0,No Failure
353,M00352,L,301.42,313.59,1579,36.04,180,0,No Failure
354,M00353,L,299.4,309.12,1261,48.49,35,0,No Failure
355,M00354,M,299.11,308.86,1188,29.52,122,0,No Failure
356,M00355,L,298.08,308.72,1596,26.31,122,0,No Failure
357,M00356,M,299.84,307.35,1596,49.82,145,0,No Failure
358,M00357,H,300.36,310.0,1485,47.82,148,0,No Failure
359,M00358,M,299.83,310.57,1580,49.42,124,0,No Failure
360,M00359,M,299.84,308.56,1342,36.79,40,0,No Failure
361,M00360,M,296.33,306.95,1584,46.54,21,0,No Failure
362,M00361,H,298.66,307.66,1854,42.34,15,0,No Failure
363,M00362,L,298.58,306.7,1636,29.56,10,0,No Failure
364,M00363,H,300.71,311.69,1542,44.59,150,0,No Failure
365,M00364,L,299.24,309.26,1567,26.86,131,0,No Failure
366,M00365,H,299.24,310.08,1769,42.9,29,0,No Failure
367,M00366,L,300.29,310.43,1358,44.59,65,0,No Failure
368,M00367,L,299.19,307.83,1411,32.19,155,0,No Failure
369,M00368,M,299.56,310.72,1321,47.0,45,0,No Failure
370,M00369,M,302.25,312.7,1070,31.53,224,0,No Failure
371,M00370,H,299.79,310.24,1846,30.94,7,0,No Failure
372,M00371,L,298.34,307.83,1695,46.11,175,0,No Failure
373,M00372,L,301.27,309.91,1315,40.47,198,0,No Failure
374,M00373,M,301.67,313.36,1980,27.8,55,0,No Failure
375,M00374,L,301.33,312.26,1329,67.38,22,0,No Failure
376,M00375,H,297.53,307.74,1622,45.67,204,0,No Failure
377,M00376,L,301.94,311.22,1322,45.09,81,0,No Failure
378,M00377,L,300.19,311.79,1862,40.27,196,0,No Failure
379,M00378,M,300.36,309.34,1643,34.58,4,0,No Failure
380,M00379,L,300.28,309.36,1692,39.87,169,0,No Failure
381,M00380,H,301.0,313.56,1681,38.97,178,0,No Failure
382,M00381,L,301.06,311.79,2101,35.69,208,0,No Failure
383,M00382,L,302.98,314.09,939,34.34,5,0,No Failure
384,M00383,M,300.6,311.46,1416,46.32,239,1,General Failure
385,M00384,L,299.95,312.5,1553,33.46,35,0,No Failure
386,M00385,L,301.37,311.87,1668,52.96,171,0,No Failure
387,M00386,L,299.92,310.53,1509,48.94,65,0,No Failure
388,M00387,L,302.25,311.22,1530,37.47,139,0,No Failure
389,M00388,L,300.43,310.5,1756,40.97,90,0,No Failure
390,M00389,H,301.57,309.76,1770,33.96,225,0,No Failure
391,M00390,L,299.13,308.69,1400,41.01,235,0,No Failure
392,M00391,L,302.06,312.05,1857,41.88,13,0,No Failure
393,M00392,L,301.34,312.22,1557,42.42,209,0,No Failure
394,M00393,M,298.49,310.13,1607,42.96,49,0,No Failure
395,M00394,M,299.4,308.6,2086,44.64,29,0,No Failure
396,M00395,M,300.3,309.03,1936,46.87,224,1,General Failure
397,M00396,M,297.58,307.91,1062,35.28,167,0,No Failure
398,M00397,L,298.02,306.99,1745,41.6,141,0,No Failure
399,M00398,M,301.07,313.11,1799,31.26,80,0,No Failure
400,M00399,M,301.1,312.62,1642,18.42,169,0,No Failure
401,M00400,L,302.73,311.56,1393,31.33,114,0,No Failure
402,M00401,M,297.63,307.91,1926,32.48,213,0,No Failure
403,M00402,M,299.41,310.95,1422,32.87,170,0,No Failure
404,M00403,L,296.19,305.11,1542,49.12,60,0,No Failure
405,M00404,M,303.5,312.93,1352,36.4,151,0,No Failure
406,M00405,L,297.55,307.47,1488,51.0,81,0,No Failure
407,M00406,L,299.64,311.27,1155,35.54,0,0,No Failure
408,M00407,L,303.84,314.41,1831,32.75,54,0,No Failure
409,M00408,L,302.87,312.58,1373,39.38,92,0,No Failure
410,M00409,H,298.43,308.82,1542,56.26,112,0,No Failure
411,M00410,H,304.47,314.51,1432,29.3,24,0,No Failure
412,M00411,L,300.97,311.18,1918,43.1,203,0,No Failure
413,M00412,M,298.1,308.67,2070,48.22,80,0,No Failure
414,M00413,L,300.6,310.87,1657,48.79,2,0,No Failure
415,M00414,M,301.33,312.09,1579,35.63,223,0,No Failure
416,M00415,H,301.3,311.3,1594,44.96,125,0,No Failure
417,M00416,L,295.97,305.61,1286,42.55,118,0,No Failure
418,M00417,L,303.63,313.25,1278,56.48,158,0,No Failure
419,M00418,L,296.97,305.03,1379,42.1,164,0,No Failure
420,M00419,M,299.65,309.04,1547,38.1,1,0,No Failure
421,M00420,M,302.84,314.95,1353,33.29,140,0,No Failure
422,M00421,L,300.83,310.72,1450,42.48,155,0,No Failure
423,M00422,L,300.0,310.57,1527,25.06,130,0,No Failure
424,M00423,L,298.89,309.87,1680,20.44,105,0,No Failure
425,M00424,H,301.18,310.55,1548,32.43,15,0,No Failure
426,M00425,M,302.74,312.28,1361,48.27,60,0,No Failure
427,M00426,M,299.0,309.56,1497,41.55,84,0,No Failure
428,M00427,H,300.89,309.72,1174,37.28,186,0,No Failure
429,M00428,L,299.35,310.36,1802,59.74,94,0,No Failure
430,M00429,M,299.26,310.01,1696,42.18,195,0,No Failure
431,M00430,L,296.06,306.28,1627,49.36,224,1,General Failure
432,M00431,L,300.58,310.82,1069,43.22,71,0,No Failure
433,M00432,H,301.9,312.71,1423,35.05,143,0,No Failure
434,M00433,M,299.8,309.86,1539,44.46,9,0,No Failure
435,M00434,M,302.12,309.1,1404,35.47,232,0,No Failure
436,M00435,L,300.44,310.99,1677,23.35,162,0,No Failure
437,M00436,L,302.48,311.31,1122,35.47,127,0,No Failure
438,M00437,H,300.41,309.76,1643,25.56,225,0,No Failure
439,M00438,L,299.42,308.86,1793,43.45,83,0,No Failure
440,M00439,L,299.17,308.62,1378,40.67,65,0,No Failure
441,M00440,L,300.31,308.27,1363,32.91,158,0,No Failure
442,M00441,M,300.7,308.39,1210,24.74,75,0,No Failure
443,M00442,M,298.62,308.49,1636,31.18,177,0,No Failure
444,M00443,L,299.85,309.86,1452,46.13,153,0,No Failure
445,M00444,L,297.56,308.03,1491,43.49,121,0,No Failure
446,M00445,M,297.54,306.01,1322,46.42,83,0,No Failure
447,M00446,L,301.39,311.01,1623,29.01,126,0,No Failure
448,M00447,L,300.85,311.77,1505,53.24,177,0,No Failure
449,M00448,M,301.86,311.4,1452,49.65,62,0,No Failure
450,M00449,L,300.42,309.71,1399,41.4,180,0,No Failure
451,M00450,M,300.63,313.04,1588,37.25,162,0,No Failure
452,M00451,L,303.69,311.71,1390,53.37,53,0,No Failure
453,M00452,M,298.54,307.58,1324,35.98,195,0,No Failure
454,M00453,L,300.71,309.4,1366,48.01,32,0,No Failure
455,M00454,M,303.18,312.59,1363,30.11,100,0,No Failure
456,M00455,H,304.07,317.84,1199,49.88,181,0,No Failure
457,M00456,L,301.24,310.0,1941,53.17,102,0,No Failure
458,M00457,H,299.94,309.61,1890,36.58,146,0,No Failure
459,M00458,H,298.12,307.48,1080,28.88,229,0,No Failure
460,M00459,L,299.84,308.93,1313,24.9,13,0,No Failure
461,M00460,L,300.43,311.43,1251,39.03,182,0,No Failure
462,M00461,L,300.17,309.64,1888,38.95,44,0,No Failure
463,M00462,M,301.1,312.41,1369,43.99,178,0,No Failure
464,M00463,L,301.22,312.94,1605,31.51,116,0,No Failure
465,M00464,L,299.22,308.68,1282,33.66,14,0,No Failure
466,M00465,L,298.41,310.13,1426,47.4,163,0,No Failure
467,M00466,H,299.56,308.18,1712,38.59,105,0,No Failure
468,M00467,M,300.96,311.4,2039,42.11,140,0,No Failure
469,M00468,M,303.26,314.54,1542,54.11,46,0,No Failure
470,M00469,M,296.98,305.82,1861,25.04,70,0,No Failure
471,M00470,M,302.17,312.16,1911,56.97,82,0,No Failure
472,M00471,L,299.56,310.2,1841,42.18,210,0,No Failure
473,M00472,L,302.21,312.98,1835,37.47,110,0,No Failure
474,M00473,L,303.72,314.21,1329,35.18,40,0,No Failure
475,M00474,H,301.06,313.52,1779,51.54,47,0,No Failure
476,M00475,L,297.91,307.82,1561,32.7,6,0,No Failure
477,M00476,M,299.3,310.82,1019,54.4,172,1,General Failure
478,M00477,M,300.79,313.41,1664,44.74,108,0,No Failure
479,M00478,M,299.46,308.8,1532,33.45,36,0,No Failure
480,M00479,L,299.96,309.54,1313,40.88,28,0,No Failure
481,M00480,M,298.6,307.45,1685,54.61,166,0,No Failure
482,M00481,L,299.66,310.6,1309,33.82,87,0,No Failure
483,M00482,L,298.89,310.67,1405,40.25,116,0,No Failure
484,M00483,M,301.73,309.72,1378,43.71,40,0,No Failure
485,M00484,M,300.67,309.65,1864,24.21,12,0,No Failure
486,M00485,L,301.5,310.85,1359,42.54,156,0,No Failure
487,M00486,H,296.96,309.71,1962,32.84,204,0,No Failure
488,M00487,H,299.22,308.86,1649,23.77,121,0,No Failure
489,M00488,L,298.66,309.21,1851,37.61,238,0,No Failure
490,M00489,L,299.25,307.9,1560,40.29,136,0,No Failure
491,M00490,L,298.4,309.54,1547,43.52,148,0,No Failure
492,M00491,M,298.69,307.53,1573,43.76,130,0,No Failure
493,M00492,L,303.09,313.11,1736,21.75,227,0,No Failure
494,M00493,L,299.56,308.42,1623,32.2,83,0,No Failure
495,M00494,H,297.67,307.66,1741,38.1,160,0,No Failure
496,M00495,L,299.51,309.43,1260,52.31,155,0,No Failure
497,M00496,H,304.37,314.74,1802,53.38,98,0,No Failure
498,M00497,M,301.42,311.77,1906,46.88,76,0,No Failure
499,M00498,L,298.3,310.56,1710,45.39,181,0,No Failure
500,M00499,M,299.59,308.82,1686,45.52,173,0,No Failure
501,M00500,M,299.93,311.63,1646,31.63,96,0,No Failure
502,M00501,M,300.13,310.62,1393,31.01,246,0,No Failure
503,M00502,L,296.53,306.42,1266,32.4,242,0,No Failure
504,M00503,L,298.25,308.73,1489,55.63,49,0,No Failure
505,M00504,L,299.74,310.15,1553,43.46,141,0,No Failure
506,M00505,L,296.77,307.89,1471,57.4,210,1,General Failure
507,M00506,L,299.71,310.79,1635,48.53,196,0,No Failure
508,M00507,L,300.19,311.04,1371,37.17,139,0,No Failure
509,M00508,L,301.54,311.96,1508,31.88,93,0,No Failure
510,M00509,L,302.09,310.3,1280,29.59,73,0,No Failure
511,M00510,L,299.7,310.84,1222,47.35,15,0,No Failure
512,M00511,L,300.49,311.93,1885,52.25,27,0,No Failure
513,M00512,L,301.35,311.92,1590,30.06,131,0,No Failure
514,M00513,M,301.99,312.47,1484,42.09,14,0,No Failure
515,M00514,L,300.2,309.31,1273,21.15,55,0,No Failure
516,M00515,L,298.62,309.07,1625,56.95,242,1,General Failure
517,M00516,H,301.19,312.34,1989,51.82,108,0,No Failure
518,M00517,L,301.69,310.24,1336,32.56,87,0,No Failure
519,M00518,L,300.34,309.9,1425,52.93,65,0,No Failure
520,M00519,L,301.15,310.63,1617,21.75,167,0,No Failure
521,M00520,M,303.1,314.69,1272,45.46,35,0,No Failure
522,M00521,L,299.1,308.67,1007,59.94,139,0,No Failure
523,M00522,L,298.72,306.66,1683,38.96,60,0,No Failure
524,M00523,M,297.99,308.26,1458,45.63,245,1,General Failure
525,M00524,H,300.73,312.4,1772,31.06,3,0,No Failure
526,M00525,M,301.88,311.77,1733,27.5,93,0,No Failure
527,M00526,L,299.1,308.66,1535,39.08,230,0,No Failure
528,M00527,H,303.52,313.86,1147,20.32,83,0,No Failure
529,M00528,M,298.96,311.05,1830,43.62,166,0,No Failure
530,M00529,L,300.59,310.36,1639,45.7,153,0,No Failure
531,M00530,L,299.86,309.62,1563,33.27,23,0,No Failure
532,M00531,L,302.72,313.29,1546,38.82,232,0,No Failure
533,M00532,L,298.88,308.03,1528,45.15,71,0,No Failure
534,M00533,L,303.22,311.28,1644,34.87,190,0,No Failure
535,M00534,M,299.75,310.0,1228,17.29,28,0,No Failure
536,M00535,M,297.52,307.17,1557,41.88,41,0,No Failure
537,M00536,M,299.0,309.5,1262,37.5,151,0,No Failure
538,M00537,L,299.78,310.01,1306,40.09,133,0,No Failure
539,M00538,M,303.29,313.99,1504,43.52,45,0,No Failure
540,M00539,M,299.17,307.96,1392,47.19,118,0,No Failure
541,M00540,L,300.06,310.52,1534,38.84,173,0,No Failure
542,M00541,M,304.04,313.03,1495,41.71,86,0,No Failure
543,M00542,M,300.38,310.87,1349,28.01,54,0,No Failure
544,M00543,M,298.87,308.43,1672,42.09,33,0,No Failure
545,M00544,L,298.66,310.73,1623,42.05,173,0,No Failure
546,M00545,M,297.09,306.11,1427,53.76,125,0,No Failure
547,M00546,L,300.74,308.12,1315,40.15,234,0,No Failure
548,M00547,H,302.37,312.59,1867,31.05,81,0,No Failure
549,M00548,L,299.37,308.88,1148,41.99,132,0,No Failure
550,M00549,M,298.04,307.0,1643,32.11,103,0,No Failure
551,M00550,M,300.57,310.88,1325,47.43,76,0,No Failure
552,M00551,L,300.06,312.07,1701,29.87,194,0,No Failure
553,M00552,L,299.77,309.63,1460,46.56,232,0,No Failure
554,M00553,L,300.89,310.11,1956,30.14,72,0,No Failure
555,M00554,L,300.09,311.82,1619,43.08,35,0,No Failure
556,M00555,L,299.33,310.7,1424,37.35,120,0,No Failure
557,M00556,M,301.93,311.98,1325,46.53,37,0,No Failure
558,M00557,H,296.47,305.86,1660,37.13,194,0,No Failure
559,M00558,M,297.85,308.73,1489,55.26,8,0,No Failure
560,M00559,L,299.47,308.67,1080,41.91,84,0,No Failure
561,M00560,L,297.41,306.69,1190,58.15,168,0,No Failure
562,M00561,M,302.88,311.92,1054,39.56,99,0,No Failure
563,M00562,L,295.8,306.45,1904,33.77,232,0,No Failure
564,M00563,L,301.33,313.12,1849,26.0,224,0,No Failure
565,M00564,M,301.07,311.14,1468,37.21,214,0,No Failure
566,M00565,L,300.63,312.74,1783,53.1,97,0,No Failure
567,M00566,L,300.79,308.46,1450,50.44,168,0,No Failure
568,M00567,L,298.88,308.85,1448,39.17,140,0,No Failure
569,M00568,H,298.59,306.56,1463,36.12,12,0,No Failure
570,M00569,H,302.68,313.73,1658,32.32,189,0,No Failure
571,M00570,L,299.69,311.19,1350,20.24,88,0,No Failure
572,M00571,M,297.16,305.03,1595,38.7,237,0,No Failure
573,M00572,L,297.6,306.67,1491,40.2,194,0,No Failure
574,M00573,M,297.02,307.05,1026,15.7,12,0,No Failure
575,M00574,L,300.48,308.67,1143,39.21,1,0,No Failure
576,M00575,L,302.15,311.06,1690,48.27,80,0,No Failure
577,M00576,M,299.36,308.11,1442,36.69,117,0,No Failure
578,M00577,L,300.24,310.24,1370,31.48,218,0,No Failure
579,M00578,L,299.0,308.02,1470,27.87,141,0,No Failure
580,M00579,L,301.67,310.22,1409,44.72,131,0,No Failure
581,M00580,H,301.66,310.6,1478,26.22,193,0,No Failure
582,M00581,M,301.76,311.51,1711,38.11,28,0,No Failure
583,M00582,L,303.44,313.4,1368,47.98,176,0,No Failure
584,M00583,H,297.65,307.28,1571,45.23,35,0,No Failure
585,M00584,M,301.55,312.83,1744,34.49,66,0,No Failure
586,M00585,L,297.05,306.47,1547,58.61,37,0,No Failure
587,M00586,L,301.41,311.38,959,48.57,151,0,No Failure
588,M00587,M,301.6,312.16,1810,36.6,95,0,No Failure
589,M00588,H,301.43,310.88,1212,50.45,9,0,No Failure
590,M00589,L,301.59,313.03,1366,35.97,78,0,No Failure
591,M00590,M,299.82,310.58,1641,38.59,96,0,No Failure
592,M00591,L,298.86,309.66,1965,36.76,105,0,No Failure
593,M00592,M,301.54,310.38,1666,40.57,55,0,No Failure
594,M00593,L,298.89,308.61,1524,37.66,102,0,No Failure
595,M00594,M,301.45,311.99,1404,40.67,63,0,No Failure
596,M00595,L,298.48,309.6,1352,34.75,120,0,No Failure
597,M00596,M,300.74,309.9,1245,25.78,109,0,No Failure
598,M00597,L,300.65,309.94,1701,54.88,46,0,No Failure
599,M00598,M,298.51,306.85,1469,49.52,120,0,No Failure
600,M00599,M,299.5,307.63,1520,33.88,168,0,No Failure
601,M00600,L,301.85,313.04,1150,47.58,1,0,No Failure
602,M00601,L,300.17,310.07,1539,23.88,161,0,No Failure
603,M00602,L,301.1,311.67,1077,33.86,214,0,No Failure
604,M00603,L,299.07,310.27,1615,36.53,79,0,No Failure
605,M00604,M,300.33,310.23,1951,60.15,12,0,No Failure
606,M00605,L,297.32,307.39,1254,47.18,66,0,No Failure
607,M00606,M,298.65,307.37,1191,25.87,65,0,No Failure
608,M00607,L,302.49,311.73,1811,50.87,114,0,No Failure
609,M00608,L,301.16,311.61,1351,37.36,163,0,No Failure
610,M00609,L,300.14,311.73,1794,29.55,205,0,No Failure
611,M00610,L,300.38,311.53,1161,37.21,177,0,No Failure
612,M00611,M,297.56,306.71,1574,41.11,7,0,No Failure
613,M00612,M,300.91,309.97,1732,39.77,19,0,No Failure
614,M00613,L,297.78,308.57,1585,44.24,67,0,No Failure
615,M00614,M,298.72,309.25,1257,28.15,49,0,No Failure
616,M00615,L,301.42,312.03,900,27.29,126,0,No Failure
617,M00616,M,298.69,308.98,1468,26.4,40,0,No Failure
618,M00617,L,299.11,310.59,1302,40.29,212,0,No Failure
619,M00618,L,299.92,310.23,1516,26.49,101,0,No Failure
620,M00619,L,300.27,311.95,1911,15.56,223,0,No Failure
621,M00620,M,302.62,313.25,1105,24.52,41,0,No Failure
622,M00621,M,296.83,306.86,1407,40.5,28,0,No Failure
623,M00622,M,299.28,307.99,1664,52.49,193,0,No Failure
624,M00623,H,301.17,311.56,1992,35.83,49,0,No Failure
625,M00624,L,299.12,310.18,1518,40.42,31,0,No Failure
626,M00625,L,299.3,309.52,1786,11.95,141,0,No Failure
627,M00626,L,298.49,307.38,1277,31.16,37,0,No Failure
628,M00627,M,299.45,307.3,1519,39.55,225,0,No Failure
629,M00628,M,301.26,310.95,1504,20.83,66,0,No Failure
630,M00629,M,302.39,314.46,1668,28.45,136,0,No Failure
631,M00630,L,300.69,309.4,1494,25.74,144,0,No Failure
632,M00631,L,302.64,312.11,1471,30.61,106,0,No Failure
633,M00632,M,300.22,310.44,1765,35.1,50,0,No Failure
634,M00633,L,296.88,308.03,1516,47.0,90,0,No Failure
635,M00634,L,301.46,310.34,1470,46.2,194,0,No Failure
636,M00635,L,296.2,306.27,1560,40.36,207,0,No Failure
637,M00636,M,299.91,310.27,1468,49.63,154,0,No Failure
638,M00637,L,300.02,308.67,1747,47.7,61,0,No Failure
639,M00638,M,297.87,308.36,1656,36.67,50,0,No Failure
640,M00639,L,299.63,308.45,1285,47.94,88,0,No Failure
641,M00640,M,298.99,309.2,1507,32.16,197,0,No Failure
642,M00641,L,300.28,311.03,1077,33.95,207,0,No Failure
643,M00642,M,299.44,309.57,1273,34.2,36,0,No Failure
644,M00643,M,301.17,309.75,1500,51.99,177,1,General Failure
645,M00644,M,299.3,310.13,1827,55.02,14,0,No Failure
646,M00645,M,301.17,312.03,1599,38.16,43,0,No Failure
647,M00646,M,300.02,310.22,1767,33.2,230,0,No Failure
648,M00647,L,300.48,311.46,1336,54.67,84,0,No Failure
649,M00648,M,300.25,309.73,1836,27.76,129,0,No Failure
650,M00649,L,299.12,308.18,1650,49.18,168,0,No Failure
651,M00650,M,302.13,311.94,1379,49.09,139,0,No Failure
652,M00651,L,301.12,311.7,1399,31.58,15,0,No Failure
653,M00652,L,295.73,306.79,1461,46.64,95,0,No Failure
654,M00653,L,297.71,306.93,1150,31.21,105,0,No Failure
655,M00654,L,303.24,313.5,1136,41.43,8,0,No Failure
656,M00655,L,299.5,309.71,1321,35.21,158,0,No Failure
657,M00656,M,305.33,314.77,1569,42.25,229,0,No Failure
658,M00657,M,300.84,308.51,1476,35.35,147,0,No Failure
659,M00658,L,300.88,308.9,1923,30.97,235,0,No Failure
660,M00659,M,299.15,310.24,1759,40.77,214,0,No Failure
661,M00660,L,299.61,307.84,1416,44.52,54,0,No Failure
662,M00661,L,300.32,308.23,1794,42.37,204,0,No Failure
663,M00662,L,301.74,310.05,1409,29.41,21,0,No Failure
664,M00663,M,300.2,309.79,1451,53.09,50,0,No Failure
665,M00664,L,299.93,311.41,1648,35.54,201,0,No Failure
666,M00665,M,298.15,308.56,2128,43.73,183,0,No Failure
667,M00666,L,299.12,308.55,1482,26.41,15,0,No Failure
668,M00667,L,299.2,308.81,1998,40.26,182,0,No Failure
669,M00668,H,299.74,310.23,1471,32.94,68,0,No Failure
670,M00669,L,298.6,308.63,1805,37.62,62,0,No Failure
671,M00670,L,297.91,305.85,1836,46.94,236,1,General Failure
672,M00671,L,299.37,310.77,1701,37.06,47,0,No Failure
673,M00672,M,295.31,306.36,1710,37.81,43,0,No Failure
674,M00673,L,297.09,305.83,1475,46.93,91,0,No Failure
675,M00674,L,298.37,308.08,1129,45.89,226,1,General Failure
676,M00675,L,300.64,311.13,1542,33.51,129,0,No Failure
677,M00676,L,298.57,308.89,1544,35.68,30,0,No Failure
678,M00677,M,297.82,307.42,1978,37.21,48,0,No Failure
679,M00678,L,301.12,311.21,1560,33.0,81,0,No Failure
680,M00679,H,299.59,311.7,1613,35.44,74,0,No Failure
681,M00680,L,302.39,312.04,1669,46.02,190,0,No Failure
682,M00681,M,299.41,310.56,1363,32.53,119,0,No Failure
683,M00682,L,298.48,308.78,1583,42.91,7,0,No Failure
684,M00683,M,299.1,307.78,1794,32.41,6,0,No Failure
685,M00684,M,303.12,313.89,1496,23.43,197,0,No Failure
686,M00685,L,302.68,313.12,1248,40.13,37,0,No Failure
687,M00686,M,300.07,311.46,1543,42.51,62,0,No Failure
688,M00687,L,301.73,313.63,1790,43.55,162,0,No Failure
689,M00688,L,297.16,308.43,1502,42.46,234,1,General Failure
690,M00689,M,302.12,312.54,1408,41.84,178,0,No Failure
691,M00690,L,300.4,311.08,1729,23.42,172,0,No Failure
692,M00691,H,299.6,310.63,1144,38.24,38,0,No Failure
693,M00692,M,299.8,308.92,1531,47.07,3,0,No Failure
694,M00693,H,300.22,309.11,1516,45.99,192,0,No Failure
695,M00694,M,298.89,309.85,1310,35.64,23,0,No Failure
696,M00695,L,299.01,307.77,1499,41.65,230,0,No Failure
697,M00696,M,297.44,307.17,1769,45.55,231,1,General Failure
698,M00697,M,302.64,314.76,1748,38.34,228,1,General Failure
699,M00698,L,298.01,309.12,1567,41.76,173,0,No Failure
700,M00699,L,299.37,310.87,1796,47.09,104,0,No Failure
701,M00700,L,301.58,311.59,1671,43.35,153,0,No Failure
702,M00701,M,301.93,313.32,1213,36.62,37,0,No Failure
703,M00702,L,302.31,311.39,1758,26.18,119,0,No Failure
704,M00703,L,298.5,307.61,1504,33.77,104,0,No Failure
705,M00704,L,298.76,308.6,1542,51.45,245,1,General Failure
706,M00705,M,299.45,308.67,1560,41.46,43,0,No Failure
707,M00706,L,296.09,307.63,1877,52.07,84,0,No Failure
708,M00707,L,301.19,311.03,1404,38.5,136,0,No Failure
709,M00708,H,296.47,305.13,1665,55.23,191,1,General Failure
710,M00709,M,299.27,310.33,1509,31.3,134,0,No Failure
711,M00710,L,301.21,312.06,1391,21.72,184,0,No Failure
712,M00711,L,301.08,312.47,1126,45.03,83,0,No Failure
713,M00712,H,298.66,307.3,1695,37.93,242,0,No Failure
714,M00713,H,301.2,310.22,1395,45.28,225,0,No Failure
715,M00714,L,301.5,308.89,1426,60.94,69,0,No Failure
716,M00715,L,296.31,306.75,1497,42.16,146,0,No Failure
717,M00716,L,298.98,308.89,1372,46.23,107,0,No Failure
718,M00717,L,300.71,310.04,1115,19.1,201,0,No Failure
719,M00718,L,300.29,311.84,1911,41.58,123,0,No Failure
720,M00719,M,299.07,308.18,1685,34.06,3,0,No Failure
721,M00720,L,299.27,308.66,1701,38.9,165,0,No Failure
722,M00721,H,303.81,312.76,1578,50.58,12,0,No Failure
723,M00722,L,298.79,307.57,1501,49.47,92,0,No Failure
724,M00723,L,301.46,311.37,1574,29.18,191,0,No Failure
725,M00724,M,297.24,306.98,1613,40.69,41,0,No Failure
726,M00725,L,300.48,310.01,1634,53.4,35,0,No Failure
727,M00726,M,301.45,310.09,1925,50.4,64,0,No Failure
728,M00727,L,298.73,307.1,1267,63.91,187,1,General Failure
729,M00728,M,298.36,307.58,1176,29.54,148,0,No Failure
730,M00729,L,303.03,312.87,1402,44.15,103,0,No Failure
731,M00730,M,299.2,308.1,1668,28.11,210,0,No Failure
732,M00731,L,301.51,310.93,1563,55.71,225,1,General Failure
733,M00732,H,296.89,306.39,1043,48.88,121,0,No Failure
734,M00733,L,302.83,311.65,1659,54.88,147,0,No Failure
735,M00734,M,295.92,304.08,1871,39.89,43,0,No Failure
736,M00735,L,297.94,307.67,1445,53.7,192,1,General Failure
737,M00736,H,298.57,310.33,1689,23.31,33,0,No Failure
738,M00737,L,299.61,310.08,1566,44.2,221,0,No Failure
739,M00738,M,300.1,309.88,1350,31.63,152,0,No Failure
740,M00739,H,302.76,311.87,1814,35.76,237,0,No Failure
741,M00740,L,303.69,312.88,1509,31.5,35,0,No Failure
742,M00741,L,303.33,314.51,1174,42.58,45,0,No Failure
743,M00742,H,301.36,309.98,1746,38.92,138,0,No Failure
744,M00743,L,300.22,312.26,994,30.91,28,0,No Failure
745,M00744,L,295.94,305.98,1996,34.71,3,0,No Failure
746,M00745,M,299.68,310.03,938,53.98,113,0,No Failure
747,M00746,M,298.75,308.35,1310,38.53,13,0,No Failure
748,M00747,H,301.03,312.17,1015,48.55,70,0,No Failure
749,M00748,L,297.96,309.07,1619,28.96,222,0,No Failure
750,M00749,L,298.29,307.46,1812,44.79,24,0,No Failure
751,M00750,L,298.46,310.64,1147,59.48,103,0,No Failure
752,M00751,L,301.08,311.35,1585,35.23,150,0,No Failure
753,M00752,L,300.19,308.49,1170,53.67,33,0,No Failure
754,M00753,M,297.94,308.56,1034,29.95,62,0,No Failure
755,M00754,M,296.62,307.05,1514,35.06,35,0,No Failure
756,M00755,M,298.8,309.07,1767,35.9,125,0,No Failure
757,M00756,L,298.67,309.73,1493,51.31,222,0,No Failure
758,M00757,H,298.84,310.17,1499,35.33,45,0,No Failure
759,M00758,M,300.02,308.7,1716,42.52,11,0,No Failure
760,M00759,M,301.24,311.06,1573,42.57,75,0,No Failure
761,M00760,M,301.35,311.24,1713,47.43,241,1,General Failure
762,M00761,H,298.61,308.71,1723,46.31,213,0,No Failure
763,M00762,L,298.44,306.4,1618,46.7,19,0,No Failure
764,M00763,M,302.74,313.09,1629,33.73,199,0,No Failure
765,M00764,L,299.44,309.56,1671,45.2,93,0,No Failure
766,M00765,L,301.26,313.56,1475,32.67,102,0,No Failure
767,M00766,H,300.26,309.32,1437,50.01,234,1,General Failure
768,M00767,L,300.63,310.11,1341,60.79,49,0,No Failure
769,M00768,L,302.93,313.51,1710,47.82,176,0,No Failure
770,M00769,M,299.48,309.52,1380,34.24,23,0,No Failure
771,M00770,M,302.02,313.1,1781,43.47,30,0,No Failure
772,M00771,L,300.95,312.42,1834,55.56,228,1,General Failure
773,M00772,M,299.68,308.69,1517,36.85,224,0,No Failure
774,M00773,L,299.08,309.26,1517,38.16,59,0,No Failure
775,M00774,L,298.97,309.78,1891,22.96,200,0,No Failure
776,M00775,L,302.15,311.32,1590,43.53,144,0,No Failure
777,M00776,L,301.85,314.51,2014,43.99,30,0,No Failure
778,M00777,L,298.38,308.78,1245,47.15,93,0,No Failure
779,M00778,H,300.74,310.98,1165,42.93,45,0,No Failure
780,M00779,L,296.55,304.83,1584,34.83,75,0,No Failure
781,M00780,H,300.09,309.34,1581,37.09,192,0,No Failure
782,M00781,L,303.87,311.57,1445,50.09,44,0,No Failure
783,M00782,H,297.73,308.57,1157,31.29,202,0,No Failure
784,M00783,M,300.56,309.67,1529,47.84,243,1,General Failure
785,M00784,L,298.83,308.94,1426,50.74,240,1,General Failure
786,M00785,H,300.16,310.63,1667,37.8,166,0,No Failure
787,M00786,L,297.99,308.24,1590,32.69,39,0,No Failure
788,M00787,M,300.35,309.89,1340,51.19,124,0,No Failure
789,M00788,M,295.58,306.47,1430,32.49,200,0,No Failure
790,M00789,M,299.5,308.2,1730,43.9,128,0,No Failure
791,M00790,L,299.38,307.19,1474,41.21,6,0,No Failure
792,M00791,L,299.8,308.07,1331,59.0,49,0,No Failure
793,M00792,H,303.8,314.68,1420,27.2,36,0,No Failure
794,M00793,H,297.78,309.42,1952,43.09,5,0,No Failure
795,M00794,L,298.66,307.85,2057,39.97,185,0,No Failure
796,M00795,M,297.37,306.71,1650,24.73,130,0,No Failure
797,M00796,L,300.91,311.35,1706,49.27,45,0,No Failure
798,M00797,L,299.98,308.37,1641,46.83,57,0,No Failure
799,M00798,H,297.72,307.09,1596,52.34,141,0,No Failure
800,M00799,L,301.71,309.98,1009,41.43,72,0,No Failure
801,M00800,M,300.46,310.47,2069,38.22,79,0,No Failure
802,M00801,M,302.65,309.15,1460,15.26,122,0,No Failure
803,M00802,M,301.38,309.52,1616,38.12,133,0,No Failure
804,M00803,H,300.09,307.96,1659,47.33,62,0,No Failure
805,M00804,L,298.44,308.27,1303,44.85,54,0,No Failure
806,M00805,M,295.83,306.31,1155,48.26,150,0,No Failure
807,M00806,M,298.77,308.64,1659,47.24,197,0,No Failure
808,M00807,L,302.06,314.4,1590,40.66,92,0,No Failure
809,M00808,L,299.45,309.41,1671,48.33,85,0,No Failure
810,M00809,M,298.29,307.07,1914,50.91,227,1,General Failure
811,M00810,L,300.36,309.72,1251,56.1,91,0,No Failure
812,M00811,M,301.29,311.99,1333,50.4,202,0,No Failure
813,M00812,L,305.19,315.64,1600,28.44,138,0,No Failure
814,M00813,L,298.0,310.46,1783,39.04,244,1,General Failure
815,M00814,H,299.22,309.37,1821,36.07,37,0,No Failure
816,M00815,L,297.71,306.52,1308,38.32,84,0,No Failure
817,M00816,M,298.48,307.11,1439,38.37,213,0,No Failure
818,M00817,L,301.61,312.47,1382,36.11,59,0,No Failure
819,M00818,H,299.66,306.28,1290,44.12,90,0,No Failure
820,M00819,M,297.07,307.45,1609,33.41,142,0,No Failure
821,M00820,L,302.4,313.32,1198,48.14,189,1,General Failure
822,M00821,M,303.23,312.62,1662,36.61,196,0,No Failure
823,M00822,M,301.37,311.57,1305,45.39,195,0,No Failure
824,M00823,H,297.95,309.42,1980,55.52,90,0,No Failure
825,M00824,M,297.8,309.49,1379,34.44,29,0,No Failure
826,M00825,M,302.3,313.86,1743,33.47,18,0,No Failure
827,M00826,L,297.9,309.0,1788,43.72,210,1,General Failure
828,M00827,M,298.76,308.5,1405,34.67,0,0,No Failure
829,M00828,M,297.05,305.57,1640,51.18,90,0,No Failure
830,M00829,L,303.49,310.92,1612,34.24,16,0,No Failure
831,M00830,L,298.55,310.59,1335,28.93,197,0,No Failure
832,M00831,H,299.5,310.67,1462,24.56,168,0,No Failure
833,M00832,L,298.39,306.81,2052,44.55,198,0,No Failure
834,M00833,M,298.52,309.75,1625,40.23,52,0,No Failure
835,M00834,L,297.58,307.0,1670,44.48,60,0,No Failure
836,M00835,L,301.93,311.25,1077,35.09,214,0,No Failure
837,M00836,L,298.5,306.99,1035,49.85,188,0,No Failure
838,M00837,M,302.59,314.98,1634,44.8,186,0,No Failure
839,M00838,L,297.34,305.64,1422,44.32,32,0,No Failure
840,M00839,M,300.71,309.3,1169,36.69,228,0,No Failure
841,M00840,L,301.64,312.4,1295,47.81,169,0,No Failure
842,M00841,L,297.57,308.49,1330,48.83,38,0,No Failure
843,M00842,L,300.24,310.8,1028,40.28,153,0,No Failure
844,M00843,L,298.68,307.39,1695,36.28,223,0,No Failure
845,M00844,M,297.65,307.36,978,26.98,187,0,No Failure
846,M00845,L,298.95,307.86,1996,41.22,141,0,No Failure
847,M00846,H,296.15,305.51,1032,43.22,45,0,No Failure
848,M00847,L,299.18,311.29,1295,21.1,230,0,No Failure
849,M00848,L,296.78,307.06,1665,48.67,197,1,General Failure
850,M00849,H,301.01,311.9,1560,40.15,89,0,No Failure
851,M00850,H,302.66,311.54,1743,43.92,170,0,No Failure
852,M00851,M,302.44,311.75,1319,39.49,78,0,No Failure
853,M00852,L,298.33,308.82,994,42.83,185,0,No Failure
854,M00853,L,299.48,310.88,1735,31.2,168,0,No Failure
855,M00854,L,303.55,313.32,1311,44.76,203,0,No Failure
856,M00855,L,302.2,313.95,1577,52.53,139,0,No Failure
857,M00856,L,300.96,313.79,1846,40.17,156,0,No Failure
858,M00857,L,295.64,303.47,1934,48.8,170,0,No Failure
859,M00858,L,299.11,309.08,983,49.06,28,0,No Failure
860,M00859,L,304.03,314.79,1622,39.73,157,0,No Failure
861,M00860,L,300.66,310.37,1143,44.28,228,1,General Failure
862,M00861,L,298.9,310.87,1317,48.56,62,0,No Failure
863,M00862,M,299.93,310.04,1245,51.77,138,0,No Failure
864,M00863,M,304.41,314.78,1892,40.57,185,0,No Failure
865,M00864,H,302.27,310.33,1554,40.38,142,0,No Failure
866,M00865,M,297.28,308.44,1283,44.85,236,1,General Failure
867,M00866,L,297.57,307.14,1739,51.01,79,0,No Failure
868,M00867,L,299.85,310.34,1270,28.94,143,0,No Failure
869,M00868,L,302.28,311.93,1849,38.49,17,0,No Failure
870,M00869,L,298.3,307.43,1373,36.53,202,0,No Failure
871,M00870,M,298.66,308.41,1639,37.44,205,0,No Failure
872,M00871,L,294.8,303.23,1824,39.29,85,0,No Failure
873,M00872,L,298.54,308.2,1252,65.91,155,1,General Failure
874,M00873,L,300.92,312.19,1713,53.15,125,0,No Failure
875,M00874,M,300.92,312.0,1645,38.21,12,0,No Failure
876,M00875,M,296.87,305.66,1623,31.69,78,0,No Failure
877,M00876,M,301.26,312.21,1259,39.88,240,0,No Failure
878,M00877,M,298.08,307.57,1591,51.17,170,0,No Failure
879,M00878,L,296.92,306.09,1375,41.16,18,0,No Failure
880,M00879,L,300.65,311.31,1652,65.22,24,0,No Failure
881,M00880,L,296.47,307.27,1047,38.1,69,0,No Failure
882,M00881,L,298.73,307.92,1502,41.31,244,1,General Failure
883,M00882,L,297.92,308.98,1329,34.76,25,0,No Failure
884,M00883,M,299.32,309.26,1221,38.17,75,0,No Failure
885,M00884,M,300.03,312.55,1844,37.28,234,1,General Failure
886,M00885,M,298.73,306.9,1263,37.85,75,0,No Failure
887,M00886,L,297.95,307.61,1400,33.25,94,0,No Failure
888,M00887,L,298.58,308.19,1661,41.04,239,0,No Failure
889,M00888,M,294.89,303.83,1287,54.0,105,0,No Failure
890,M00889,L,299.34,307.67,1803,42.56,56,0,No Failure
891,M00890,L,303.63,315.05,1288,46.73,215,0,No Failure
892,M00891,M,300.33,310.63,1271,36.15,249,0,No Failure
893,M00892,L,301.92,310.23,1398,42.23,163,0,No Failure
894,M00893,L,299.71,309.0,1425,58.74,16,0,No Failure
895,M00894,L,299.74,309.24,1931,42.08,47,0,No Failure
896,M00895,M,300.61,310.95,1765,41.64,229,0,No Failure
897,M00896,L,301.06,309.84,1443,40.39,63,0,No Failure
898,M00897,L,301.0,312.73,1744,56.34,32,0,No Failure
899,M00898,M,298.12,308.1,1297,40.75,83,0,No Failure
900,M00899,L,299.81,311.48,1635,33.74,83,0,No Failure
901,M00900,H,296.84,307.46,1489,35.91,167,0,No Failure
902,M00901,L,301.81,311.47,1374,31.73,62,0,No Failure
903,M00902,M,299.72,309.49,1857,41.36,203,0,No Failure
904,M00903,M,299.22,309.68,1627,42.84,9,0,No Failure
905,M00904,L,297.29,307.47,1589,44.57,233,1,General Failure
906,M00905,L,300.71,311.01,1132,38.95,172,0,No Failure
907,M00906,L,301.76,312.66,1466,51.96,219,1,General Failure
908,M00907,M,300.79,312.26,1592,22.64,68,0,No Failure
909,M00908,L,301.97,310.75,970,26.51,154,0,No Failure
910,M00909,M,298.29,306.33,1734,48.27,205,1,General Failure
911,M00910,L,301.63,310.52,1471,36.27,125,0,No Failure
912,M00911,L,299.82,311.27,1522,50.25,244,1,General Failure
913,M00912,L,294.57,304.34,1249,36.37,161,0,No Failure
914,M00913,L,300.38,309.61,1026,42.0,242,1,General Failure
915,M00914,M,297.87,308.28,1407,33.34,192,0,No Failure
916,M00915,M,299.55,310.42,1412,48.37,245,1,General Failure
917,M00916,L,298.54,307.2,1451,27.3,175,0,No Failure
918,M00917,M,298.13,306.94,2010,28.99,82,0,No Failure
919,M00918,M,301.94,311.88,1435,55.27,151,0,No Failure
920,M00919,M,298.79,308.65,1996,55.22,44,0,No Failure
921,M00920,L,300.24,309.34,1396,34.75,237,0,No Failure
922,M00921,L,301.27,313.96,1752,29.72,228,0,No Failure
923,M00922,H,299.15,310.62,1358,41.2,244,1,General Failure
924,M00923,H,297.46,307.26,1428,27.3,74,0,No Failure
925,M00924,L,300.05,310.84,1947,41.65,37,0,No Failure
926,M00925,L,299.75,308.29,1677,29.88,6,0,No Failure
927,M00926,L,298.16,309.26,1164,53.81,26,0,No Failure
928,M00927,L,300.18,309.94,1721,19.08,226,0,No Failure
929,M00928,L,302.48,311.63,1783,45.84,153,0,No Failure
930,M00929,H,301.89,310.23,1618,31.84,133,0,No Failure
931,M00930,M,303.05,314.02,1331,40.04,203,0,No Failure
932,M00931,H,302.73,312.81,1452,31.49,141,0,No Failure
933,M00932,M,300.4,309.69,1647,45.07,36,0,No Failure
934,M00933,L,300.05,311.24,1560,59.45,107,0,No Failure
935,M00934,M,297.87,307.56,1530,41.85,170,0,No Failure
936,M00935,M,302.37,312.66,1227,25.07,83,0,No Failure
937,M00936,L,298.91,308.32,1954,46.83,211,1,General Failure
938,M00937,M,301.17,311.65,1714,26.12,152,0,No Failure
939,M00938,M,303.32,311.92,1268,38.45,118,0,No Failure
940,M00939,L,300.28,309.77,1142,33.81,71,0,No Failure
941,M00940,H,297.1,307.14,1727,45.51,154,0,No Failure
942,M00941,H,297.98,306.98,1481,37.94,44,0,No Failure
943,M00942,H,299.34,308.66,974,38.52,81,0,No Failure
944,M00943,L,302.67,313.51,1554,27.55,193,0,No Failure
945,M00944,L,299.38,308.78,1574,34.51,111,0,No Failure
946,M00945,L,299.75,310.99,1291,42.46,88,0,No Failure
947,M00946,L,297.89,308.38,1298,38.21,15,0,No Failure
948,M00947,M,300.71,310.71,1708,29.68,183,0,No Failure
949,M00948,L,300.21,308.41,1232,35.21,69,0,No Failure
950,M00949,M,301.6,313.39,1184,53.43,134,0,No Failure
951,M00950,M,298.13,309.87,988,46.51,21,0,No Failure
952,M00951,L,301.2,311.55,1523,31.49,147,0,No Failure
953,M00952,M,297.19,307.35,1854,34.4,110,0,No Failure
954,M00953,M,298.65,308.73,1525,42.83,178,0,No Failure
955,M00954,H,298.88,308.39,1139,25.98,242,0,No Failure
956,M00955,L,299.57,309.27,1569,42.89,178,0,No Failure
957,M00956,L,300.75,311.23,1723,39.85,119,0,No Failure
958,M00957,H,295.33,303.54,1355,32.31,185,0,No Failure
959,M00958,M,299.78,309.72,1608,36.7,1,0,No Failure
960,M00959,L,299.16,309.64,1474,36.98,72,0,No Failure
961,M00960,M,297.3,305.19,2051,46.91,216,1,General Failure
962,M00961,H,299.32,308.52,1303,55.85,118,0,No Failure
963,M00962,M,300.82,308.95,1069,55.09,15,0,No Failure
964,M00963,L,299.03,307.29,1449,34.45,52,0,No Failure
965,M00964,M,298.96,309.59,1816,31.34,198,0,No Failure
966,M00965,L,301.29,309.85,1519,40.19,3,0,No Failure
967,M00966,M,298.45,311.55,1793,56.81,51,0,No Failure
968,M00967,M,302.04,311.76,1587,36.62,162,0,No Failure
969,M00968,M,300.71,309.68,1819,60.96,225,1,General Failure
970,M00969,L,300.81,310.41,1466,42.32,194,0,No Failure
971,M00970,L,301.14,311.06,1313,44.13,119,0,No Failure
972,M00971,L,302.45,312.74,1275,45.63,43,0,No Failure
973,M00972,L,298.56,308.88,1365,36.64,80,0,No Failure
974,M00973,L,302.26,312.56,1576,58.43,11,0,No Failure
975,M00974,M,298.23,309.47,1739,42.56,116,0,No Failure
976,M00975,M,300.73,312.1,1353,34.34,80,0,No Failure
977,M00976,L,301.2,311.23,1827,34.91,177,0,No Failure
978,M00977,L,300.29,310.69,1382,40.58,27,0,No Failure
979,M00978,H,297.8,306.86,1779,35.63,61,0,No Failure
980,M00979,M,297.59,306.82,1345,46.42,69,0,No Failure
981,M00980,L,297.81,307.32,1470,30.33,136,0,No Failure
982,M00981,M,299.91,311.48,1677,41.66,36,0,No Failure
983,M00982,L,300.35,309.47,1464,44.07,112,0,No Failure
984,M00983,M,301.12,311.32,2282,35.88,129,0,No Failure
985,M00984,M,296.98,307.1,1632,40.51,129,0,No Failure
986,M00985,L,300.64,311.56,1731,26.9,193,0,No Failure
987,M00986,M,302.04,311.3,1266,34.75,186,0,No Failure
988,M00987,L,300.34,309.85,1436,38.81,111,0,No Failure
989,M00988,L,300.0,311.27,1845,39.56,26,0,No Failure
990,M00989,L,301.64,311.93,1791,33.12,77,0,No Failure
991,M00990,L,303.17,312.52,1638,42.45,150,0,No Failure
992,M00991,L,302.98,314.37,1610,53.48,133,0,No Failure
993,M00992,H,303.08,313.22,1347,53.68,205,1,General Failure
994,M00993,L,297.54,306.92,1566,36.77,88,0,No Failure
995,M00994,L,302.92,314.02,1360,34.87,206,0,No Failure
996,M00995,M,299.45,311.57,1209,45.52,195,1,General Failure
997,M00996,M,301.75,311.28,1468,33.75,4,0,No Failure
998,M00997,M,298.89,307.71,1937,41.04,237,1,General Failure
999,M00998,L,300.82,308.01,1466,50.47,109,0,No Failure
1000,M00999,M,298.95,311.14,1649,35.88,177,0,No Failure
1001,M01000,M,299.52,308.89,1312,43.76,81,0,No Failure
1002,M01001,L,303.91,313.55,1469,35.15,133,0,No Failure
1003,M01002,L,297.72,306.54,1816,55.49,8,0,No Failure
1004,M01003,L,302.04,311.83,1591,36.8,109,0,No Failure
1005,M01004,M,300.23,308.99,1446,24.5,7,0,No Failure
1006,M01005,L,297.91,309.74,1847,50.92,179,0,No Failure
1007,M01006,L,302.7,313.55,1560,38.96,54,0,No Failure
1008,M01007,L,300.17,309.54,1740,34.23,217,0,No Failure
1009,M01008,L,299.01,307.57,2061,43.47,50,0,No Failure
1010,M01009,M,300.77,311.49,2103,35.81,74,0,No Failure
1011,M01010,L,298.53,307.54,1268,32.43,78,0,No Failure
1012,M01011,L,303.42,314.96,1620,39.97,111,0,No Failure
1013,M01012,L,297.18,307.53,1289,34.0,64,0,No Failure
1014,M01013,L,299.11,309.08,1522,44.11,233,1,General Failure
1015,M01014,L,296.15,304.75,1637,51.72,226,1,General Failure
1016,M01015,M,300.61,310.93,1405,47.71,192,0,No Failure
1017,M01016,L,301.74,310.19,1862,15.68,248,0,No Failure
1018,M01017,H,301.96,313.37,1513,42.36,157,0,No Failure
1019,M01018,M,303.19,310.86,1114,33.33,230,0,No Failure
1020,M01019,L,300.12,309.72,1547,45.45,212,0,No Failure
1021,M01020,H,299.24,312.08,1201,41.54,243,1,General Failure
1022,M01021,M,301.97,311.4,1391,38.48,62,0,No Failure
1023,M01022,L,298.96,309.86,1317,29.48,26,0,No Failure
1024,M01023,M,300.82,312.12,1519,42.5,198,0,No Failure
1025,M01024,H,299.23,309.68,1077,36.9,79,0,No Failure
1026,M01025,L,298.73,308.61,1384,30.62,134,0,No Failure
1027,M01026,L,300.06,311.33,1570,50.75,9,0,No Failure
1028,M01027,L,302.38,313.7,1333,46.13,166,0,No Failure
1029,M01028,M,301.97,311.36,1090,25.41,248,0,No Failure
1030,M01029,M,300.46,312.39,1610,40.03,25,0,No Failure
1031,M01030,L,294.99,306.61,1473,44.53,102,0,No Failure
1032,M01031,L,300.21,309.07,1221,29.89,193,0,No Failure
1033,M01032,L,300.95,311.64,1166,36.76,235,0,No Failure
1034,M01033,L,301.28,312.02,1415,41.2,246,1,General Failure
1035,M01034,L,298.79,309.04,1648,38.69,35,0,No Failure
1036,M01035,L,302.2,311.54,1199,56.81,219,1,General Failure
1037,M01036,H,300.87,309.51,1378,44.95,98,0,No Failure
1038,M01037,L,296.45,307.13,1861,34.97,161,0,No Failure
1039,M01038,L,301.7,309.88,1478,29.58,233,0,No Failure
1040,M01039,L,303.46,312.86,1546,42.97,61,0,No Failure
1041,M01040,M,300.75,308.52,1496,48.8,68,0,No Failure
1042,M01041,H,298.66,307.9,1845,41.5,238,1,General Failure
1043,M01042,L,303.83,314.1,1270,47.21,29,0,No Failure
1044,M01043,M,302.22,310.61,1514,37.57,26,0,No Failure
1045,M01044,M,296.6,307.61,1524,32.94,63,0,No Failure
1046,M01045,M,302.32,313.52,1657,45.66,196,0,No Failure
1047,M01046,M,301.03,311.61,1450,17.28,9,0,No Failure
1048,M01047,M,300.79,311.66,932,44.41,114,0,No Failure
1049,M01048,L,296.72,308.56,1250,41.75,223,0,No Failure
1050,M01049,L,296.88,307.86,1490,25.25,86,0,No Failure
1051,M01050,M,300.54,308.62,1843,34.26,75,0,No Failure
1052,M01051,L,304.01,313.92,1257,52.01,210,1,General Failure
1053,M01052,M,300.53,309.63,1850,36.96,110,0,No Failure
1054,M01053,L,300.36,310.49,1418,36.13,58,0,No Failure
1055,M01054,M,298.95,307.04,1645,45.26,111,0,No Failure
1056,M01055,M,299.38,309.54,1589,41.08,217,0,No Failure
1057,M01056,L,302.2,311.99,1261,39.54,191,0,No Failure
1058,M01057,M,298.61,309.34,1561,51.8,78,0,No Failure
1059,M01058,H,303.86,312.81,1375,58.5,242,1,General Failure
1060,M01059,M,301.07,310.85,1817,31.78,85,0,No Failure
1061,M01060,M,300.73,308.31,1828,43.22,179,0,No Failure
1062,M01061,M,299.83,309.73,1594,35.13,87,0,No Failure
1063,M01062,L,298.63,308.66,1568,44.62,34,0,No Failure
1064,M01063,L,299.55,308.05,1568,41.44,98,0,No Failure
1065,M01064,M,297.14,307.22,1831,52.12,111,0,No Failure
1066,M01065,L,300.15,308.6,1573,33.89,117,0,No Failure
1067,M01066,L,296.22,306.84,1209,31.45,200,0,No Failure
1068,M01067,H,304.36,313.44,1599,41.77,207,0,No Failure
1069,M01068,H,299.83,309.39,2298,34.2,94,0,No Failure
1070,M01069,L,296.89,308.91,1260,46.93,189,1,General Failure
1071,M01070,L,300.42,311.16,1689,52.17,49,0,No Failure
1072,M01071,M,300.13,311.99,1545,33.18,226,0,No Failure
1073,M01072,H,298.78,310.07,1843,56.68,109,0,No Failure
1074,M01073,L,300.38,310.33,1837,46.91,197,0,No Failure
1075,M01074,M,298.26,310.19,1450,46.26,139,0,No Failure
1076,M01075,L,299.59,310.0,1723,43.31,102,0,No Failure
1077,M01076,M,299.48,309.56,1236,57.35,21,0,No Failure
1078,M01077,L,300.82,310.39,1594,26.61,192,0,No Failure
1079,M01078,H,298.74,307.43,1128,35.67,199,0,No Failure
1080,M01079,L,300.41,311.15,1767,43.37,213,0,No Failure
1081,M01080,M,294.23,304.06,1378,52.0,161,0,No Failure
1082,M01081,M,301.99,312.62,1632,41.12,130,0,No Failure
1083,M01082,L,300.21,310.19,1352,53.27,146,0,No Failure
1084,M01083,L,300.95,311.78,1687,37.07,10,0,No Failure
1085,M01084,L,299.38,308.8,1506,60.94,75,0,No Failure
1086,M01085,M,301.63,312.04,1312,38.86,239,0,No Failure
1087,M01086,H,299.8,311.14,1590,27.08,179,0,No Failure
1088,M01087,M,300.3,311.97,1494,13.2,69,0,No Failure
1089,M01088,L,300.05,310.2,1327,30.09,51,0,No Failure
1090,M01089,M,298.83,307.88,1372,40.89,105,0,No Failure
1091,M01090,M,298.1,310.02,1599,43.06,199,0,No Failure
1092,M01091,L,300.98,312.62,1287,38.11,98,0,No Failure
1093,M01092,L,301.18,310.6,1622,36.44,54,0,No Failure
1094,M01093,L,299.83,311.57,1630,25.11,69,0,No Failure
1095,M01094,M,302.43,313.28,1419,57.95,192,1,General Failure
1096,M01095,L,300.22,309.36,1626,44.04,213,0,No Failure
1097,M01096,L,300.93,311.33,1268,46.61,152,0,No Failure
1098,M01097,L,302.15,310.93,1550,41.53,134,0,No Failure
1099,M01098,M,301.39,311.19,1383,32.89,187,0,No Failure
1100,M01099,M,299.61,309.38,1718,57.73,192,1,General Failure
1101,M01100,M,297.81,307.97,1686,47.03,232,1,General Failure
1102,M01101,L,298.46,310.0,2077,38.0,159,0,No Failure
1103,M01102,M,297.89,306.39,1395,40.5,66,0,No Failure
1104,M01103,L,301.55,308.17,1696,29.45,122,0,No Failure
1105,M01104,M,292.89,303.94,1444,41.46,160,0,No Failure
1106,M01105,H,303.98,313.86,1685,45.06,10,0,No Failure
1107,M01106,M,298.21,309.54,2026,24.6,213,0,No Failure
1108,M01107,M,302.13,313.36,1810,38.27,82,0,No Failure
1109,M01108,L,300.59,312.78,1544,36.77,92,0,No Failure
1110,M01109,H,301.06,308.95,1533,43.71,239,1,General Failure
1111,M01110,M,297.41,309.47,1240,32.85,7,0,No Failure
1112,M01111,H,302.06,312.24,1147,41.5,178,0,No Failure
1113,M01112,L,299.81,309.46,1541,47.77,92,0,No Failure
1114,M01113,M,301.25,313.33,1357,43.93,30,0,No Failure
1115,M01114,L,298.14,309.83,1690,47.11,219,1,General Failure
1116,M01115,L,299.94,308.55,1422,36.77,27,0,No Failure
1117,M01116,L,298.61,308.1,1757,46.16,205,1,General Failure
1118,M01117,M,300.64,312.58,1365,58.25,207,1,General Failure
1119,M01118,L,301.38,309.97,1339,40.76,169,0,No Failure
1120,M01119,L,299.57,310.26,1945,49.86,101,0,No Failure
1121,M01120,M,300.9,311.76,1354,41.43,46,0,No Failure
1122,M01121,L,301.04,311.08,1515,51.59,240,1,General Failure
1123,M01122,L,299.89,309.53,1563,46.4,75,0,No Failure
1124,M01123,L,299.48,310.68,1633,24.86,167,0,No Failure
1125,M01124,L,296.17,306.17,968,35.32,35,0,No Failure
1126,M01125,L,302.12,311.22,1642,40.79,94,0,No Failure
1127,M01126,M,300.36,311.35,1266,57.9,223,1,General Failure
1128,M01127,L,299.53,308.0,1103,31.65,60,0,No Failure
1129,M01128,M,300.44,310.14,1710,33.91,18,0,No Failure
1130,M01129,L,298.98,309.75,1221,41.37,84,0,No Failure
1131,M01130,L,299.4,307.97,1688,36.05,25,0,No Failure
1132,M01131,M,301.01,312.99,1810,22.02,104,0,No Failure
1133,M01132,L,297.02,307.67,1457,56.9,103,0,No Failure
1134,M01133,L,299.41,309.57,1479,25.47,104,0,No Failure
1135,M01134,L,300.51,309.51,1082,38.43,173,0,No Failure
1136,M01135,L,296.92,307.38,1335,49.5,19,0,No Failure
1137,M01136,L,297.87,307.7,1982,36.8,169,0,No Failure
1138,M01137,L,302.52,313.19,1661,56.54,141,0,No Failure
1139,M01138,M,304.39,313.94,1699,39.09,20,0,No Failure
1140,M01139,M,300.65,311.2,1714,42.09,241,1,General Failure
1141,M01140,M,301.38,309.82,1658,34.27,74,0,No Failure
1142,M01141,M,298.35,306.72,1677,42.71,133,0,No Failure
1143,M01142,H,302.75,312.0,1694,37.91,71,0,No Failure
1144,M01143,L,299.97,307.73,1138,42.65,67,0,No Failure
1145,M01144,L,300.26,310.08,1137,31.86,182,0,No Failure
1146,M01145,M,300.89,311.06,1403,29.01,188,0,No Failure
1147,M01146,L,298.95,307.03,1655,41.66,38,0,No Failure
1148,M01147,L,298.69,308.53,1162,36.74,80,0,No Failure
1149,M01148,L,300.03,309.3,1672,42.53,230,0,No Failure
1150,M01149,M,297.98,307.19,1267,52.74,167,1,General Failure
1151,M01150,L,298.92,310.45,1958,49.48,181,0,No Failure
1152,M01151,L,294.95,304.52,1723,42.08,60,0,No Failure
1153,M01152,H,298.06,308.04,2086,37.75,88,0,No Failure
1154,M01153,L,300.98,310.27,1813,39.81,101,0,No Failure
1155,M01154,M,302.25,311.65,1137,37.98,119,0,No Failure
1156,M01155,M,301.26,311.12,1490,40.08,204,0,No Failure
1157,M01156,L,298.39,308.43,1647,28.32,59,0,No Failure
1158,M01157,L,300.2,309.93,1641,42.51,20,0,No Failure
1159,M01158,M,298.17,309.42,1389,46.45,7,0,No Failure
1160,M01159,L,297.93,307.65,1137,44.17,232,1,General Failure
1161,M01160,L,302.0,311.92,1262,37.6,94,0,No Failure
1162,M01161,M,299.3,311.37,1408,44.67,225,1,General Failure
1163,M01162,L,299.39,309.7,1460,31.43,165,0,No Failure
1164,M01163,L,300.42,311.45,1341,41.13,19,0,No Failure
1165,M01164,L,301.89,312.77,1347,34.97,161,0,No Failure
1166,M01165,L,300.3,309.9,1442,42.86,241,0,No Failure
1167,M01166,H,299.58,311.19,1635,33.4,147,0,No Failure
1168,M01167,L,300.74,311.11,1274,45.88,167,0,No Failure
1169,M01168,L,299.92,310.18,1476,27.13,20,0,No Failure
1170,M01169,L,299.48,309.67,1680,29.43,229,0,No Failure
1171,M01170,L,295.73,306.27,1308,48.96,98,0,No Failure
1172,M01171,M,298.38,309.45,1404,50.34,229,1,General Failure
1173,M01172,H,299.86,307.43,1131,51.52,194,1,General Failure
1174,M01173,L,298.11,309.8,1437,38.37,17,0,No Failure
1175,M01174,M,303.81,311.46,1444,37.81,187,0,No Failure
1176,M01175,M,304.7,313.31,1666,41.39,144,0,No Failure
1177,M01176,M,303.55,314.36,1499,28.34,202,0,No Failure
1178,M01177,M,298.41,308.26,1190,27.33,163,0,No Failure
1179,M01178,M,301.18,312.04,1541,36.06,116,0,No Failure
1180,M01179,M,301.04,309.68,1226,38.36,60,0,No Failure
1181,M01180,M,300.92,311.02,1320,45.1,128,0,No Failure
1182,M01181,L,297.09,307.82,1335,27.37,60,0,No Failure
1183,M01182,M,302.07,311.14,1997,37.9,193,0,No Failure
1184,M01183,H,303.6,312.79,1837,33.7,25,0,No Failure
1185,M01184,L,301.87,312.09,1120,34.54,133,0,No Failure
1186,M01185,L,304.45,315.1,1586,43.31,35,0,No Failure
1187,M01186,L,299.68,306.78,1755,49.89,28,0,No Failure
1188,M01187,M,301.65,311.28,1708,40.7,146,0,No Failure
1189,M01188,H,302.85,313.24,1493,52.98,53,0,No Failure
1190,M01189,L,298.47,310.25,1516,51.65,138,0,No Failure
1191,M01190,L,300.06,308.77,1474,45.11,195,0,No Failure
1192,M01191,L,298.83,309.01,1485,36.16,240,0,No Failure
1193,M01192,L,302.05,310.81,1424,45.99,175,0,No Failure
1194,M01193,L,298.08,306.99,1211,42.32,230,0,No Failure
1195,M01194,L,300.94,310.23,1697,49.41,146,0,No Failure
1196,M01195,M,299.28,311.29,1374,44.23,46,0,No Failure
1197,M01196,L,302.1,312.8,2009,44.66,195,0,No Failure
1198,M01197,L,299.31,310.52,1569,49.76,34,0,No Failure
1199,M01198,L,300.02,309.95,1558,38.28,235,0,No Failure
1200,M01199,M,300.83,312.2,1786,53.78,3,0,No Failure
