timestamp,power_kW,machine_state,anomaly_label,anomaly_type
2026-01-01 00:00:00,30.043,idle_or_offshift,0,normal
2026-01-01 01:00:00,27.197,idle_or_offshift,0,normal
2026-01-01 02:00:00,29.059,idle_or_offshift,0,normal
2026-01-01 03:00:00,30.562,idle_or_offshift,0,normal
2026-01-01 04:00:00,29.044,idle_or_offshift,0,normal
2026-01-01 05:00:00,30.867,idle_or_offshift,0,normal
2026-01-01 06:00:00,30.998,idle_or_offshift,0,normal
2026-01-01 07:00:00,27.705,idle_or_offshift,0,normal
2026-01-01 08:00:00,40.296,production,0,normal
2026-01-01 09:00:00,38.909,production,0,normal
2026-01-01 10:00:00,35.874,production,0,normal
2026-01-01 11:00:00,35.726,production,0,normal
2026-01-01 12:00:00,35.91,production,0,normal
2026-01-01 13:00:00,33.494,production,0,normal
2026-01-01 14:00:00,32.563,production,0,normal
2026-01-01 15:00:00,29.556,production,0,normal
2026-01-01 16:00:00,32.534,production,0,normal
2026-01-01 17:00:00,31.359,production,0,normal
2026-01-01 18:00:00,31.494,production,0,normal
2026-01-01 19:00:00,20.389,idle_or_offshift,0,normal
2026-01-01 20:00:00,26.507,idle_or_offshift,0,normal
2026-01-01 21:00:00,24.449,idle_or_offshift,0,normal
2026-01-01 22:00:00,24.303,idle_or_offshift,0,normal
2026-01-01 23:00:00,29.617,idle_or_offshift,0,normal
2026-01-02 00:00:00,26.918,idle_or_offshift,0,normal
2026-01-02 01:00:00,25.424,idle_or_offshift,0,normal
2026-01-02 02:00:00,28.271,idle_or_offshift,0,normal
2026-01-02 03:00:00,25.709,idle_or_offshift,0,normal
2026-01-02 04:00:00,32.353,idle_or_offshift,0,normal
2026-01-02 05:00:00,30.114,idle_or_offshift,0,normal
2026-01-02 06:00:00,29.663,idle_or_offshift,0,normal
2026-01-02 07:00:00,32.794,idle_or_offshift,0,normal
2026-01-02 08:00:00,35.492,production,0,normal
2026-01-02 09:00:00,38.792,production,0,normal
2026-01-02 10:00:00,33.284,production,0,normal
2026-01-02 11:00:00,34.843,production,0,normal
2026-01-02 12:00:00,32.832,production,0,normal
2026-01-02 13:00:00,36.596,production,0,normal
2026-01-02 14:00:00,36.179,production,0,normal
2026-01-02 15:00:00,31.579,production,0,normal
2026-01-02 16:00:00,33.049,production,0,normal
2026-01-02 17:00:00,30.812,production,0,normal
2026-01-02 18:00:00,32.023,production,0,normal
2026-01-02 19:00:00,21.781,idle_or_offshift,0,normal
2026-01-02 20:00:00,20.461,idle_or_offshift,0,normal
2026-01-02 21:00:00,20.926,idle_or_offshift,0,normal
2026-01-02 22:00:00,25.69,idle_or_offshift,0,normal
2026-01-02 23:00:00,30.01,idle_or_offshift,0,normal
2026-01-03 00:00:00,20.485,idle_or_offshift,0,normal
2026-01-03 01:00:00,20.091,idle_or_offshift,0,normal
2026-01-03 02:00:00,25.442,idle_or_offshift,0,normal
2026-01-03 03:00:00,23.256,idle_or_offshift,0,normal
2026-01-03 04:00:00,23.647,idle_or_offshift,0,normal
2026-01-03 05:00:00,24.318,idle_or_offshift,0,normal
2026-01-03 06:00:00,23.762,idle_or_offshift,0,normal
2026-01-03 07:00:00,23.307,idle_or_offshift,0,normal
2026-01-03 08:00:00,28.881,idle_or_offshift,0,normal
2026-01-03 09:00:00,31.731,idle_or_offshift,0,normal
2026-01-03 10:00:00,29.829,idle_or_offshift,0,normal
2026-01-03 11:00:00,31.183,idle_or_offshift,0,normal
2026-01-03 12:00:00,27.336,idle_or_offshift,0,normal
2026-01-03 13:00:00,23.533,idle_or_offshift,0,normal
2026-01-03 14:00:00,25.821,idle_or_offshift,0,normal
2026-01-03 15:00:00,28.231,idle_or_offshift,0,normal
2026-01-03 16:00:00,23.846,idle_or_offshift,0,normal
2026-01-03 17:00:00,22.535,idle_or_offshift,0,normal
2026-01-03 18:00:00,21.852,idle_or_offshift,0,normal
2026-01-03 19:00:00,14.246,idle_or_offshift,0,normal
2026-01-03 20:00:00,15.996,idle_or_offshift,0,normal
2026-01-03 21:00:00,15.048,idle_or_offshift,0,normal
2026-01-03 22:00:00,20.696,idle_or_offshift,0,normal
2026-01-03 23:00:00,18.456,idle_or_offshift,0,normal
2026-01-04 00:00:00,20.196,idle_or_offshift,0,normal
2026-01-04 01:00:00,23.624,idle_or_offshift,0,normal
2026-01-04 02:00:00,24.706,idle_or_offshift,0,normal
2026-01-04 03:00:00,22.446,idle_or_offshift,0,normal
2026-01-04 04:00:00,24.062,idle_or_offshift,0,normal
2026-01-04 05:00:00,25.187,idle_or_offshift,0,normal
2026-01-04 06:00:00,23.653,idle_or_offshift,0,normal
2026-01-04 07:00:00,20.663,idle_or_offshift,0,normal
2026-01-04 08:00:00,32.643,idle_or_offshift,0,normal
2026-01-04 09:00:00,32.438,idle_or_offshift,0,normal
2026-01-04 10:00:00,30.748,idle_or_offshift,0,normal
2026-01-04 11:00:00,27.373,idle_or_offshift,0,normal
2026-01-04 12:00:00,27.647,idle_or_offshift,0,normal
2026-01-04 13:00:00,25.901,idle_or_offshift,0,normal
2026-01-04 14:00:00,25.461,idle_or_offshift,0,normal
2026-01-04 15:00:00,27.506,idle_or_offshift,0,normal
2026-01-04 16:00:00,27.289,idle_or_offshift,0,normal
2026-01-04 17:00:00,25.341,idle_or_offshift,0,normal
2026-01-04 18:00:00,24.988,idle_or_offshift,0,normal
2026-01-04 19:00:00,17.354,idle_or_offshift,0,normal
2026-01-04 20:00:00,16.514,idle_or_offshift,0,normal
2026-01-04 21:00:00,17.035,idle_or_offshift,0,normal
2026-01-04 22:00:00,16.787,idle_or_offshift,0,normal
2026-01-04 23:00:00,18.864,idle_or_offshift,0,normal
2026-01-05 00:00:00,31.068,idle_or_offshift,0,normal
2026-01-05 01:00:00,29.6,idle_or_offshift,0,normal
2026-01-05 02:00:00,28.384,idle_or_offshift,0,normal
2026-01-05 03:00:00,28.979,idle_or_offshift,0,normal
2026-01-05 04:00:00,28.908,idle_or_offshift,0,normal
2026-01-05 05:00:00,31.538,idle_or_offshift,0,normal
2026-01-05 06:00:00,31.705,idle_or_offshift,0,normal
2026-01-05 07:00:00,28.266,idle_or_offshift,0,normal
2026-01-05 08:00:00,39.34,production,0,normal
2026-01-05 09:00:00,36.803,production,0,normal
2026-01-05 10:00:00,39.568,production,0,normal
2026-01-05 11:00:00,36.318,production,0,normal
2026-01-05 12:00:00,38.092,production,0,normal
2026-01-05 13:00:00,33.14,production,0,normal
2026-01-05 14:00:00,32.482,production,0,normal
2026-01-05 15:00:00,32.711,production,0,normal
2026-01-05 16:00:00,33.437,production,0,normal
2026-01-05 17:00:00,32.155,production,0,normal
2026-01-05 18:00:00,28.78,production,0,normal
2026-01-05 19:00:00,23.466,idle_or_offshift,0,normal
2026-01-05 20:00:00,23.576,idle_or_offshift,0,normal
2026-01-05 21:00:00,23.399,idle_or_offshift,0,normal
2026-01-05 22:00:00,23.833,idle_or_offshift,0,normal
2026-01-05 23:00:00,29.11,idle_or_offshift,0,normal
2026-01-06 00:00:00,26.297,idle_or_offshift,0,normal
2026-01-06 01:00:00,26.513,idle_or_offshift,0,normal
2026-01-06 02:00:00,30.147,idle_or_offshift,0,normal
2026-01-06 03:00:00,30.064,idle_or_offshift,0,normal
2026-01-06 04:00:00,30.328,idle_or_offshift,0,normal
2026-01-06 05:00:00,32.27,idle_or_offshift,0,normal
2026-01-06 06:00:00,31.88,idle_or_offshift,0,normal
2026-01-06 07:00:00,31.516,idle_or_offshift,0,normal
2026-01-06 08:00:00,40.2,production,0,normal
2026-01-06 09:00:00,38.339,production,0,normal
2026-01-06 10:00:00,63.89,production,1,spike
2026-01-06 11:00:00,35.383,production,0,normal
2026-01-06 12:00:00,34.062,production,0,normal
2026-01-06 13:00:00,34.342,production,0,normal
2026-01-06 14:00:00,31.06,production,0,normal
2026-01-06 15:00:00,28.873,production,0,normal
2026-01-06 16:00:00,31.695,production,0,normal
2026-01-06 17:00:00,28.731,production,0,normal
2026-01-06 18:00:00,27.486,production,0,normal
2026-01-06 19:00:00,23.808,idle_or_offshift,0,normal
2026-01-06 20:00:00,22.256,idle_or_offshift,0,normal
2026-01-06 21:00:00,25.065,idle_or_offshift,0,normal
2026-01-06 22:00:00,24.044,idle_or_offshift,0,normal
2026-01-06 23:00:00,23.945,idle_or_offshift,0,normal
2026-01-07 00:00:00,24.762,idle_or_offshift,0,normal
2026-01-07 01:00:00,27.108,idle_or_offshift,0,normal
2026-01-07 02:00:00,28.508,idle_or_offshift,0,normal
2026-01-07 03:00:00,28.346,idle_or_offshift,0,normal
2026-01-07 04:00:00,29.958,idle_or_offshift,0,normal
2026-01-07 05:00:00,28.099,idle_or_offshift,0,normal
2026-01-07 06:00:00,31.026,idle_or_offshift,0,normal
2026-01-07 07:00:00,27.635,idle_or_offshift,0,normal
2026-01-07 08:00:00,38.115,production,0,normal
2026-01-07 09:00:00,39.084,production,0,normal
2026-01-07 10:00:00,38.965,production,0,normal
2026-01-07 11:00:00,39.121,production,0,normal
2026-01-07 12:00:00,32.199,production,0,normal
2026-01-07 13:00:00,35.33,production,0,normal
2026-01-07 14:00:00,35.171,production,0,normal
2026-01-07 15:00:00,33.937,production,0,normal
2026-01-07 16:00:00,29.863,production,0,normal
2026-01-07 17:00:00,31.878,production,0,normal
2026-01-07 18:00:00,34.348,production,0,normal
2026-01-07 19:00:00,20.441,idle_or_offshift,0,normal
2026-01-07 20:00:00,24.393,idle_or_offshift,0,normal
2026-01-07 21:00:00,26.174,idle_or_offshift,0,normal
2026-01-07 22:00:00,23.746,idle_or_offshift,0,normal
2026-01-07 23:00:00,27.014,idle_or_offshift,0,normal
2026-01-08 00:00:00,25.072,idle_or_offshift,0,normal
2026-01-08 01:00:00,26.573,idle_or_offshift,0,normal
2026-01-08 02:00:00,27.529,idle_or_offshift,0,normal
2026-01-08 03:00:00,30.175,idle_or_offshift,0,normal
2026-01-08 04:00:00,30.3,idle_or_offshift,0,normal
2026-01-08 05:00:00,32.581,idle_or_offshift,0,normal
2026-01-08 06:00:00,29.307,idle_or_offshift,0,normal
2026-01-08 07:00:00,30.627,idle_or_offshift,0,normal
2026-01-08 08:00:00,40.194,production,0,normal
2026-01-08 09:00:00,38.838,production,0,normal
2026-01-08 10:00:00,34.616,production,0,normal
2026-01-08 11:00:00,37.233,production,0,normal
2026-01-08 12:00:00,34.139,production,0,normal
2026-01-08 13:00:00,34.658,production,0,normal
2026-01-08 14:00:00,33.541,production,0,normal
2026-01-08 15:00:00,34.366,production,0,normal
2026-01-08 16:00:00,31.746,production,0,normal
2026-01-08 17:00:00,27.799,production,0,normal
2026-01-08 18:00:00,28.534,production,0,normal
2026-01-08 19:00:00,24.452,idle_or_offshift,0,normal
2026-01-08 20:00:00,23.071,idle_or_offshift,0,normal
2026-01-08 21:00:00,26.22,idle_or_offshift,0,normal
2026-01-08 22:00:00,25.492,idle_or_offshift,0,normal
2026-01-08 23:00:00,24.616,idle_or_offshift,0,normal
2026-01-09 00:00:00,28.948,idle_or_offshift,0,normal
2026-01-09 01:00:00,26.582,idle_or_offshift,0,normal
2026-01-09 02:00:00,25.305,idle_or_offshift,0,normal
2026-01-09 03:00:00,33.543,idle_or_offshift,0,normal
2026-01-09 04:00:00,27.025,idle_or_offshift,0,normal
2026-01-09 05:00:00,32.009,idle_or_offshift,0,normal
2026-01-09 06:00:00,32.69,idle_or_offshift,0,normal
2026-01-09 07:00:00,31.128,idle_or_offshift,0,normal
2026-01-09 08:00:00,35.434,production,0,normal
2026-01-09 09:00:00,39.655,production,0,normal
2026-01-09 10:00:00,34.405,production,0,normal
2026-01-09 11:00:00,33.617,production,0,normal
2026-01-09 12:00:00,34.349,production,0,normal
2026-01-09 13:00:00,35.384,production,0,normal
2026-01-09 14:00:00,33.54,production,0,normal
2026-01-09 15:00:00,33.631,production,0,normal
2026-01-09 16:00:00,30.737,production,0,normal
2026-01-09 17:00:00,30.826,production,0,normal
2026-01-09 18:00:00,28.953,production,0,normal
2026-01-09 19:00:00,22.566,idle_or_offshift,0,normal
2026-01-09 20:00:00,24.604,idle_or_offshift,0,normal
2026-01-09 21:00:00,23.632,idle_or_offshift,0,normal
2026-01-09 22:00:00,25.856,idle_or_offshift,0,normal
2026-01-09 23:00:00,24.933,idle_or_offshift,0,normal
2026-01-10 00:00:00,18.934,idle_or_offshift,0,normal
2026-01-10 01:00:00,21.106,idle_or_offshift,0,normal
2026-01-10 02:00:00,21.649,idle_or_offshift,0,normal
2026-01-10 03:00:00,23.895,idle_or_offshift,0,normal
2026-01-10 04:00:00,23.785,idle_or_offshift,0,normal
2026-01-10 05:00:00,26.996,idle_or_offshift,0,normal
2026-01-10 06:00:00,23.605,idle_or_offshift,0,normal
2026-01-10 07:00:00,23.455,idle_or_offshift,0,normal
2026-01-10 08:00:00,29.592,idle_or_offshift,0,normal
2026-01-10 09:00:00,30.869,idle_or_offshift,0,normal
2026-01-10 10:00:00,31.229,idle_or_offshift,0,normal
2026-01-10 11:00:00,27.703,idle_or_offshift,0,normal
2026-01-10 12:00:00,27.911,idle_or_offshift,0,normal
2026-01-10 13:00:00,28.258,idle_or_offshift,0,normal
2026-01-10 14:00:00,25.772,idle_or_offshift,0,normal
2026-01-10 15:00:00,24.237,idle_or_offshift,0,normal
2026-01-10 16:00:00,26.287,idle_or_offshift,0,normal
2026-01-10 17:00:00,24.311,idle_or_offshift,0,normal
2026-01-10 18:00:00,24.714,idle_or_offshift,0,normal
2026-01-10 19:00:00,18.245,idle_or_offshift,0,normal
2026-01-10 20:00:00,18.597,idle_or_offshift,0,normal
2026-01-10 21:00:00,16.547,idle_or_offshift,0,normal
2026-01-10 22:00:00,17.054,idle_or_offshift,0,normal
2026-01-10 23:00:00,19.476,idle_or_offshift,0,normal
2026-01-11 00:00:00,19.761,idle_or_offshift,0,normal
2026-01-11 01:00:00,17.616,idle_or_offshift,0,normal
2026-01-11 02:00:00,24.296,idle_or_offshift,0,normal
2026-01-11 03:00:00,22.863,idle_or_offshift,0,normal
2026-01-11 04:00:00,24.79,idle_or_offshift,0,normal
2026-01-11 05:00:00,21.752,idle_or_offshift,0,normal
2026-01-11 06:00:00,26.319,idle_or_offshift,0,normal
2026-01-11 07:00:00,22.805,idle_or_offshift,0,normal
2026-01-11 08:00:00,31.27,idle_or_offshift,0,normal
2026-01-11 09:00:00,28.306,idle_or_offshift,0,normal
2026-01-11 10:00:00,64.699,idle_or_offshift,1,spike
2026-01-11 11:00:00,28.622,idle_or_offshift,0,normal
2026-01-11 12:00:00,27.666,idle_or_offshift,0,normal
2026-01-11 13:00:00,27.754,idle_or_offshift,0,normal
2026-01-11 14:00:00,26.109,idle_or_offshift,0,normal
2026-01-11 15:00:00,26.928,idle_or_offshift,0,normal
2026-01-11 16:00:00,23.693,idle_or_offshift,0,normal
2026-01-11 17:00:00,22.343,idle_or_offshift,0,normal
2026-01-11 18:00:00,23.966,idle_or_offshift,0,normal
2026-01-11 19:00:00,17.267,idle_or_offshift,0,normal
2026-01-11 20:00:00,18.776,idle_or_offshift,0,normal
2026-01-11 21:00:00,18.637,idle_or_offshift,0,normal
2026-01-11 22:00:00,14.822,idle_or_offshift,0,normal
2026-01-11 23:00:00,19.643,idle_or_offshift,0,normal
2026-01-12 00:00:00,29.629,idle_or_offshift,0,normal
2026-01-12 01:00:00,28.148,idle_or_offshift,0,normal
2026-01-12 02:00:00,28.071,idle_or_offshift,0,normal
2026-01-12 03:00:00,30.385,idle_or_offshift,0,normal
2026-01-12 04:00:00,29.558,idle_or_offshift,0,normal
2026-01-12 05:00:00,32.014,idle_or_offshift,0,normal
2026-01-12 06:00:00,30.977,idle_or_offshift,0,normal
2026-01-12 07:00:00,33.371,idle_or_offshift,0,normal
2026-01-12 08:00:00,39.363,production,0,normal
2026-01-12 09:00:00,36.525,production,0,normal
2026-01-12 10:00:00,38.088,production,0,normal
2026-01-12 11:00:00,37.72,production,0,normal
2026-01-12 12:00:00,33.977,production,0,normal
2026-01-12 13:00:00,33.198,production,0,normal
2026-01-12 14:00:00,28.851,production,0,normal
2026-01-12 15:00:00,33.798,production,0,normal
2026-01-12 16:00:00,30.478,production,0,normal
2026-01-12 17:00:00,27.316,production,0,normal
2026-01-12 18:00:00,27.816,production,0,normal
2026-01-12 19:00:00,22.735,idle_or_offshift,0,normal
2026-01-12 20:00:00,24.905,idle_or_offshift,0,normal
2026-01-12 21:00:00,24.011,idle_or_offshift,0,normal
2026-01-12 22:00:00,25.849,idle_or_offshift,0,normal
2026-01-12 23:00:00,23.982,idle_or_offshift,0,normal
2026-01-13 00:00:00,24.586,idle_or_offshift,0,normal
2026-01-13 01:00:00,29.63,idle_or_offshift,0,normal
2026-01-13 02:00:00,29.886,idle_or_offshift,0,normal
2026-01-13 03:00:00,29.774,idle_or_offshift,0,normal
2026-01-13 04:00:00,32.772,idle_or_offshift,0,normal
2026-01-13 05:00:00,29.152,idle_or_offshift,0,normal
2026-01-13 06:00:00,30.244,idle_or_offshift,0,normal
2026-01-13 07:00:00,32.711,idle_or_offshift,0,normal
2026-01-13 08:00:00,41.772,production,0,normal
2026-01-13 09:00:00,37.844,production,0,normal
2026-01-13 10:00:00,40.023,production,0,normal
2026-01-13 11:00:00,34.951,production,0,normal
2026-01-13 12:00:00,35.594,production,0,normal
2026-01-13 13:00:00,33.652,production,0,normal
2026-01-13 14:00:00,30.141,production,0,normal
2026-01-13 15:00:00,32.636,production,0,normal
2026-01-13 16:00:00,33.215,production,0,normal
2026-01-13 17:00:00,30.869,production,0,normal
2026-01-13 18:00:00,30.873,production,0,normal
2026-01-13 19:00:00,25.644,idle_or_offshift,0,normal
2026-01-13 20:00:00,21.286,idle_or_offshift,0,normal
2026-01-13 21:00:00,21.476,idle_or_offshift,0,normal
2026-01-13 22:00:00,23.823,idle_or_offshift,0,normal
2026-01-13 23:00:00,23.811,idle_or_offshift,0,normal
2026-01-14 00:00:00,29.423,idle_or_offshift,0,normal
2026-01-14 01:00:00,28.593,idle_or_offshift,0,normal
2026-01-14 02:00:00,27.445,idle_or_offshift,0,normal
2026-01-14 03:00:00,28.722,idle_or_offshift,0,normal
2026-01-14 04:00:00,35.614,idle_or_offshift,0,normal
2026-01-14 05:00:00,29.766,idle_or_offshift,0,normal
2026-01-14 06:00:00,29.628,idle_or_offshift,0,normal
2026-01-14 07:00:00,31.411,idle_or_offshift,0,normal
2026-01-14 08:00:00,39.613,production,0,normal
2026-01-14 09:00:00,38.227,production,0,normal
2026-01-14 10:00:00,35.364,production,0,normal
2026-01-14 11:00:00,33.949,production,0,normal
2026-01-14 12:00:00,36.073,production,0,normal
2026-01-14 13:00:00,33.867,production,0,normal
2026-01-14 14:00:00,30.045,production,0,normal
2026-01-14 15:00:00,34.279,production,0,normal
2026-01-14 16:00:00,32.931,production,0,normal
2026-01-14 17:00:00,30.703,production,0,normal
2026-01-14 18:00:00,30.532,production,0,normal
2026-01-14 19:00:00,23.553,idle_or_offshift,0,normal
2026-01-14 20:00:00,22.299,idle_or_offshift,0,normal
2026-01-14 21:00:00,21.745,idle_or_offshift,0,normal
2026-01-14 22:00:00,25.581,idle_or_offshift,0,normal
2026-01-14 23:00:00,23.374,idle_or_offshift,0,normal
2026-01-15 00:00:00,27.703,idle_or_offshift,0,normal
2026-01-15 01:00:00,25.441,idle_or_offshift,0,normal
2026-01-15 02:00:00,28.821,idle_or_offshift,0,normal
2026-01-15 03:00:00,29.584,idle_or_offshift,0,normal
2026-01-15 04:00:00,33.673,idle_or_offshift,0,normal
2026-01-15 05:00:00,28.948,idle_or_offshift,0,normal
2026-01-15 06:00:00,28.453,idle_or_offshift,0,normal
2026-01-15 07:00:00,29.701,idle_or_offshift,0,normal
2026-01-15 08:00:00,36.441,production,0,normal
2026-01-15 09:00:00,36.767,production,0,normal
2026-01-15 10:00:00,37.757,production,0,normal
2026-01-15 11:00:00,37.425,production,0,normal
2026-01-15 12:00:00,37.987,production,0,normal
2026-01-15 13:00:00,32.639,production,0,normal
2026-01-15 14:00:00,19.749,production,1,unexpected_drop
2026-01-15 15:00:00,17.74,production,1,unexpected_drop
2026-01-15 16:00:00,13.17,production,1,unexpected_drop
2026-01-15 17:00:00,9.012,production,1,unexpected_drop
2026-01-15 18:00:00,12.85,production,1,unexpected_drop
2026-01-15 19:00:00,5.267,idle_or_offshift,1,unexpected_drop
2026-01-15 20:00:00,19.397,idle_or_offshift,0,normal
2026-01-15 21:00:00,24.304,idle_or_offshift,0,normal
2026-01-15 22:00:00,24.64,idle_or_offshift,0,normal
2026-01-15 23:00:00,24.55,idle_or_offshift,0,normal
2026-01-16 00:00:00,28.128,idle_or_offshift,0,normal
2026-01-16 01:00:00,29.845,idle_or_offshift,0,normal
2026-01-16 02:00:00,28.125,idle_or_offshift,0,normal
2026-01-16 03:00:00,30.241,idle_or_offshift,0,normal
2026-01-16 04:00:00,29.285,idle_or_offshift,0,normal
2026-01-16 05:00:00,29.448,idle_or_offshift,0,normal
2026-01-16 06:00:00,31.143,idle_or_offshift,0,normal
2026-01-16 07:00:00,31.806,idle_or_offshift,0,normal
2026-01-16 08:00:00,37.45,production,0,normal
2026-01-16 09:00:00,33.844,production,0,normal
2026-01-16 10:00:00,38.054,production,0,normal
2026-01-16 11:00:00,33.161,production,0,normal
2026-01-16 12:00:00,35.22,production,0,normal
2026-01-16 13:00:00,37.167,production,0,normal
2026-01-16 14:00:00,32.97,production,0,normal
2026-01-16 15:00:00,30.03,production,0,normal
2026-01-16 16:00:00,28.906,production,0,normal
2026-01-16 17:00:00,33.243,production,0,normal
2026-01-16 18:00:00,30.969,production,0,normal
2026-01-16 19:00:00,24.108,idle_or_offshift,0,normal
2026-01-16 20:00:00,25.203,idle_or_offshift,0,normal
2026-01-16 21:00:00,24.083,idle_or_offshift,0,normal
2026-01-16 22:00:00,24.445,idle_or_offshift,0,normal
2026-01-16 23:00:00,24.259,idle_or_offshift,0,normal
2026-01-17 00:00:00,14.451,idle_or_offshift,0,normal
2026-01-17 01:00:00,18.303,idle_or_offshift,0,normal
2026-01-17 02:00:00,21.875,idle_or_offshift,0,normal
2026-01-17 03:00:00,22.513,idle_or_offshift,0,normal
2026-01-17 04:00:00,24.191,idle_or_offshift,0,normal
2026-01-17 05:00:00,23.636,idle_or_offshift,0,normal
2026-01-17 06:00:00,24.287,idle_or_offshift,0,normal
2026-01-17 07:00:00,25.282,idle_or_offshift,0,normal
2026-01-17 08:00:00,29.871,idle_or_offshift,0,normal
2026-01-17 09:00:00,30.312,idle_or_offshift,0,normal
2026-01-17 10:00:00,27.107,idle_or_offshift,0,normal
2026-01-17 11:00:00,30.786,idle_or_offshift,0,normal
2026-01-17 12:00:00,28.069,idle_or_offshift,0,normal
2026-01-17 13:00:00,27.846,idle_or_offshift,0,normal
2026-01-17 14:00:00,28.776,idle_or_offshift,0,normal
2026-01-17 15:00:00,27.115,idle_or_offshift,0,normal
2026-01-17 16:00:00,24.428,idle_or_offshift,0,normal
2026-01-17 17:00:00,25.554,idle_or_offshift,0,normal
2026-01-17 18:00:00,21.423,idle_or_offshift,0,normal
2026-01-17 19:00:00,16.917,idle_or_offshift,0,normal
2026-01-17 20:00:00,16.786,idle_or_offshift,0,normal
2026-01-17 21:00:00,14.259,idle_or_offshift,0,normal
2026-01-17 22:00:00,20.407,idle_or_offshift,0,normal
2026-01-17 23:00:00,17.697,idle_or_offshift,0,normal
2026-01-18 00:00:00,21.23,idle_or_offshift,0,normal
2026-01-18 01:00:00,20.279,idle_or_offshift,0,normal
2026-01-18 02:00:00,23.788,idle_or_offshift,0,normal
2026-01-18 03:00:00,25.19,idle_or_offshift,0,normal
2026-01-18 04:00:00,21.97,idle_or_offshift,0,normal
2026-01-18 05:00:00,21.109,idle_or_offshift,0,normal
2026-01-18 06:00:00,23.763,idle_or_offshift,0,normal
2026-01-18 07:00:00,25.392,idle_or_offshift,0,normal
2026-01-18 08:00:00,30.796,idle_or_offshift,0,normal
2026-01-18 09:00:00,29.724,idle_or_offshift,0,normal
2026-01-18 10:00:00,30.879,idle_or_offshift,0,normal
2026-01-18 11:00:00,24.065,idle_or_offshift,0,normal
2026-01-18 12:00:00,26.804,idle_or_offshift,0,normal
2026-01-18 13:00:00,24.474,idle_or_offshift,0,normal
2026-01-18 14:00:00,26.531,idle_or_offshift,0,normal
2026-01-18 15:00:00,23.846,idle_or_offshift,0,normal
2026-01-18 16:00:00,22.529,idle_or_offshift,0,normal
2026-01-18 17:00:00,23.499,idle_or_offshift,0,normal
2026-01-18 18:00:00,21.357,idle_or_offshift,0,normal
2026-01-18 19:00:00,16.113,idle_or_offshift,0,normal
2026-01-18 20:00:00,15.308,idle_or_offshift,0,normal
2026-01-18 21:00:00,16.492,idle_or_offshift,0,normal
2026-01-18 22:00:00,16.709,idle_or_offshift,0,normal
2026-01-18 23:00:00,20.607,idle_or_offshift,0,normal
2026-01-19 00:00:00,26.804,idle_or_offshift,0,normal
2026-01-19 01:00:00,28.979,idle_or_offshift,0,normal
2026-01-19 02:00:00,29.864,idle_or_offshift,0,normal
2026-01-19 03:00:00,28.377,idle_or_offshift,0,normal
2026-01-19 04:00:00,31.49,idle_or_offshift,0,normal
2026-01-19 05:00:00,31.492,idle_or_offshift,0,normal
2026-01-19 06:00:00,31.565,idle_or_offshift,0,normal
2026-01-19 07:00:00,30.146,idle_or_offshift,0,normal
2026-01-19 08:00:00,37.696,production,0,normal
2026-01-19 09:00:00,39.242,production,0,normal
2026-01-19 10:00:00,40.928,production,0,normal
2026-01-19 11:00:00,34.541,production,0,normal
2026-01-19 12:00:00,35.962,production,0,normal
2026-01-19 13:00:00,33.305,production,0,normal
2026-01-19 14:00:00,34.413,production,0,normal
2026-01-19 15:00:00,32.961,production,0,normal
2026-01-19 16:00:00,33.444,production,0,normal
2026-01-19 17:00:00,26.106,production,0,normal
2026-01-19 18:00:00,29.918,production,0,normal
2026-01-19 19:00:00,21.358,idle_or_offshift,0,normal
2026-01-19 20:00:00,23.342,idle_or_offshift,0,normal
2026-01-19 21:00:00,22.869,idle_or_offshift,0,normal
2026-01-19 22:00:00,23.846,idle_or_offshift,0,normal
2026-01-19 23:00:00,27.192,idle_or_offshift,0,normal
2026-01-20 00:00:00,30.423,idle_or_offshift,0,normal
2026-01-20 01:00:00,22.952,idle_or_offshift,0,normal
2026-01-20 02:00:00,28.441,idle_or_offshift,0,normal
2026-01-20 03:00:00,30.39,idle_or_offshift,0,normal
2026-01-20 04:00:00,30.473,idle_or_offshift,0,normal
2026-01-20 05:00:00,30.242,idle_or_offshift,0,normal
2026-01-20 06:00:00,28.564,idle_or_offshift,0,normal
2026-01-20 07:00:00,29.167,idle_or_offshift,0,normal
2026-01-20 08:00:00,39.769,production,0,normal
2026-01-20 09:00:00,39.765,production,0,normal
2026-01-20 10:00:00,37.174,production,0,normal
2026-01-20 11:00:00,34.53,production,0,normal
2026-01-20 12:00:00,35.172,production,0,normal
2026-01-20 13:00:00,33.533,production,0,normal
2026-01-20 14:00:00,33.982,production,0,normal
2026-01-20 15:00:00,32.385,production,0,normal
2026-01-20 16:00:00,30.417,production,0,normal
2026-01-20 17:00:00,31.48,production,0,normal
2026-01-20 18:00:00,28.877,production,0,normal
2026-01-20 19:00:00,24.612,idle_or_offshift,0,normal
2026-01-20 20:00:00,25.664,idle_or_offshift,0,normal
2026-01-20 21:00:00,22.05,idle_or_offshift,0,normal
2026-01-20 22:00:00,25.758,idle_or_offshift,0,normal
2026-01-20 23:00:00,24.18,idle_or_offshift,0,normal
2026-01-21 00:00:00,28.929,idle_or_offshift,0,normal
2026-01-21 01:00:00,29.663,idle_or_offshift,0,normal
2026-01-21 02:00:00,28.586,idle_or_offshift,0,normal
2026-01-21 03:00:00,31.619,idle_or_offshift,0,normal
2026-01-21 04:00:00,29.688,idle_or_offshift,0,normal
2026-01-21 05:00:00,29.706,idle_or_offshift,0,normal
2026-01-21 06:00:00,29.976,idle_or_offshift,0,normal
2026-01-21 07:00:00,30.61,idle_or_offshift,0,normal
2026-01-21 08:00:00,37.882,production,0,normal
2026-01-21 09:00:00,38.106,production,0,normal
2026-01-21 10:00:00,35.893,production,0,normal
2026-01-21 11:00:00,37.412,production,0,normal
2026-01-21 12:00:00,36.838,production,0,normal
2026-01-21 13:00:00,33.072,production,0,normal
2026-01-21 14:00:00,30.431,production,0,normal
2026-01-21 15:00:00,33.475,production,0,normal
2026-01-21 16:00:00,33.585,production,0,normal
2026-01-21 17:00:00,30.842,production,0,normal
2026-01-21 18:00:00,28.684,production,0,normal
2026-01-21 19:00:00,23.616,idle_or_offshift,0,normal
2026-01-21 20:00:00,51.28,idle_or_offshift,1,spike
2026-01-21 21:00:00,20.794,idle_or_offshift,0,normal
2026-01-21 22:00:00,25.86,idle_or_offshift,0,normal
2026-01-21 23:00:00,25.4,idle_or_offshift,0,normal
2026-01-22 00:00:00,25.46,idle_or_offshift,0,normal
2026-01-22 01:00:00,28.932,idle_or_offshift,0,normal
2026-01-22 02:00:00,26.662,idle_or_offshift,0,normal
2026-01-22 03:00:00,30.363,idle_or_offshift,0,normal
2026-01-22 04:00:00,32.828,idle_or_offshift,0,normal
2026-01-22 05:00:00,31.182,idle_or_offshift,0,normal
2026-01-22 06:00:00,29.423,idle_or_offshift,0,normal
2026-01-22 07:00:00,27.661,idle_or_offshift,0,normal
2026-01-22 08:00:00,36.157,production,0,normal
2026-01-22 09:00:00,34.514,production,0,normal
2026-01-22 10:00:00,39.879,production,0,normal
2026-01-22 11:00:00,35.586,production,0,normal
2026-01-22 12:00:00,33.119,production,0,normal
2026-01-22 13:00:00,31.628,production,0,normal
2026-01-22 14:00:00,31.079,production,0,normal
2026-01-22 15:00:00,31.567,production,0,normal
2026-01-22 16:00:00,29.227,production,0,normal
2026-01-22 17:00:00,34.154,production,0,normal
2026-01-22 18:00:00,29.655,production,0,normal
2026-01-22 19:00:00,21.728,idle_or_offshift,0,normal
2026-01-22 20:00:00,24.09,idle_or_offshift,0,normal
2026-01-22 21:00:00,26.783,idle_or_offshift,0,normal
2026-01-22 22:00:00,27.383,idle_or_offshift,0,normal
2026-01-22 23:00:00,25.087,idle_or_offshift,0,normal
2026-01-23 00:00:00,27.46,idle_or_offshift,0,normal
2026-01-23 01:00:00,28.304,idle_or_offshift,0,normal
2026-01-23 02:00:00,29.954,idle_or_offshift,0,normal
2026-01-23 03:00:00,30.289,idle_or_offshift,0,normal
2026-01-23 04:00:00,28.765,idle_or_offshift,0,normal
2026-01-23 05:00:00,28.595,idle_or_offshift,0,normal
2026-01-23 06:00:00,31.316,idle_or_offshift,0,normal
2026-01-23 07:00:00,28.733,idle_or_offshift,0,normal
2026-01-23 08:00:00,40.918,production,0,normal
2026-01-23 09:00:00,37.9,production,0,normal
2026-01-23 10:00:00,35.153,production,0,normal
2026-01-23 11:00:00,35.456,production,0,normal
2026-01-23 12:00:00,34.087,production,0,normal
2026-01-23 13:00:00,33.728,production,0,normal
2026-01-23 14:00:00,34.703,production,0,normal
2026-01-23 15:00:00,29.572,production,0,normal
2026-01-23 16:00:00,28.174,production,0,normal
2026-01-23 17:00:00,31.745,production,0,normal
2026-01-23 18:00:00,30.681,production,0,normal
2026-01-23 19:00:00,23.43,idle_or_offshift,0,normal
2026-01-23 20:00:00,24.336,idle_or_offshift,0,normal
2026-01-23 21:00:00,23.846,idle_or_offshift,0,normal
2026-01-23 22:00:00,26.439,idle_or_offshift,0,normal
2026-01-23 23:00:00,24.357,idle_or_offshift,0,normal
2026-01-24 00:00:00,20.116,idle_or_offshift,0,normal
2026-01-24 01:00:00,19.54,idle_or_offshift,0,normal
2026-01-24 02:00:00,19.966,idle_or_offshift,0,normal
2026-01-24 03:00:00,23.936,idle_or_offshift,0,normal
2026-01-24 04:00:00,24.488,idle_or_offshift,0,normal
2026-01-24 05:00:00,20.368,idle_or_offshift,0,normal
2026-01-24 06:00:00,21.98,idle_or_offshift,0,normal
2026-01-24 07:00:00,24.389,idle_or_offshift,0,normal
2026-01-24 08:00:00,33.391,idle_or_offshift,0,normal
2026-01-24 09:00:00,29.63,idle_or_offshift,0,normal
2026-01-24 10:00:00,29.669,idle_or_offshift,0,normal
2026-01-24 11:00:00,26.491,idle_or_offshift,0,normal
2026-01-24 12:00:00,32.519,idle_or_offshift,0,normal
2026-01-24 13:00:00,27.82,idle_or_offshift,0,normal
2026-01-24 14:00:00,27.61,idle_or_offshift,0,normal
2026-01-24 15:00:00,26.356,idle_or_offshift,0,normal
2026-01-24 16:00:00,26.216,idle_or_offshift,0,normal
2026-01-24 17:00:00,25.231,idle_or_offshift,0,normal
2026-01-24 18:00:00,23.397,idle_or_offshift,0,normal
2026-01-24 19:00:00,17.476,idle_or_offshift,0,normal
2026-01-24 20:00:00,16.678,idle_or_offshift,0,normal
2026-01-24 21:00:00,19.505,idle_or_offshift,0,normal
2026-01-24 22:00:00,16.676,idle_or_offshift,0,normal
2026-01-24 23:00:00,17.99,idle_or_offshift,0,normal
2026-01-25 00:00:00,21.19,idle_or_offshift,0,normal
2026-01-25 01:00:00,23.339,idle_or_offshift,0,normal
2026-01-25 02:00:00,22.261,idle_or_offshift,0,normal
2026-01-25 03:00:00,21.546,idle_or_offshift,0,normal
2026-01-25 04:00:00,23.25,idle_or_offshift,0,normal
2026-01-25 05:00:00,22.967,idle_or_offshift,0,normal
2026-01-25 06:00:00,27.414,idle_or_offshift,0,normal
2026-01-25 07:00:00,25.481,idle_or_offshift,0,normal
2026-01-25 08:00:00,33.74,idle_or_offshift,0,normal
2026-01-25 09:00:00,31.371,idle_or_offshift,0,normal
2026-01-25 10:00:00,29.001,idle_or_offshift,0,normal
2026-01-25 11:00:00,31.147,idle_or_offshift,0,normal
2026-01-25 12:00:00,30.977,idle_or_offshift,0,normal
2026-01-25 13:00:00,28.012,idle_or_offshift,0,normal
2026-01-25 14:00:00,25.956,idle_or_offshift,0,normal
2026-01-25 15:00:00,27.117,idle_or_offshift,0,normal
2026-01-25 16:00:00,23.868,idle_or_offshift,0,normal
2026-01-25 17:00:00,25.512,idle_or_offshift,0,normal
2026-01-25 18:00:00,22.719,idle_or_offshift,0,normal
2026-01-25 19:00:00,14.39,idle_or_offshift,0,normal
2026-01-25 20:00:00,17.555,idle_or_offshift,0,normal
2026-01-25 21:00:00,17.78,idle_or_offshift,0,normal
2026-01-25 22:00:00,21.428,idle_or_offshift,0,normal
2026-01-25 23:00:00,18.461,idle_or_offshift,0,normal
2026-01-26 00:00:00,27.042,idle_or_offshift,0,normal
2026-01-26 01:00:00,25.983,idle_or_offshift,0,normal
2026-01-26 02:00:00,25.635,idle_or_offshift,0,normal
2026-01-26 03:00:00,26.623,idle_or_offshift,0,normal
2026-01-26 04:00:00,31.298,idle_or_offshift,0,normal
2026-01-26 05:00:00,28.746,idle_or_offshift,0,normal
2026-01-26 06:00:00,33.028,idle_or_offshift,0,normal
2026-01-26 07:00:00,33.424,idle_or_offshift,0,normal
2026-01-26 08:00:00,37.95,production,0,normal
2026-01-26 09:00:00,40.814,production,0,normal
2026-01-26 10:00:00,37.409,production,0,normal
2026-01-26 11:00:00,38.06,production,0,normal
2026-01-26 12:00:00,34.594,production,0,normal
2026-01-26 13:00:00,35.691,production,0,normal
2026-01-26 14:00:00,31.302,production,0,normal
2026-01-26 15:00:00,33.292,production,0,normal
2026-01-26 16:00:00,30.709,production,0,normal
2026-01-26 17:00:00,30.901,production,0,normal
2026-01-26 18:00:00,32.137,production,0,normal
2026-01-26 19:00:00,23.447,idle_or_offshift,0,normal
2026-01-26 20:00:00,23.402,idle_or_offshift,0,normal
2026-01-26 21:00:00,25.482,idle_or_offshift,0,normal
2026-01-26 22:00:00,26.446,idle_or_offshift,0,normal
2026-01-26 23:00:00,23.472,idle_or_offshift,0,normal
2026-01-27 00:00:00,28.006,idle_or_offshift,0,normal
2026-01-27 01:00:00,29.243,idle_or_offshift,0,normal
2026-01-27 02:00:00,27.647,idle_or_offshift,0,normal
2026-01-27 03:00:00,30.523,idle_or_offshift,0,normal
2026-01-27 04:00:00,28.08,idle_or_offshift,0,normal
2026-01-27 05:00:00,33.454,idle_or_offshift,0,normal
2026-01-27 06:00:00,30.572,idle_or_offshift,0,normal
2026-01-27 07:00:00,30.722,idle_or_offshift,0,normal
2026-01-27 08:00:00,40.619,production,0,normal
2026-01-27 09:00:00,37.571,production,0,normal
2026-01-27 10:00:00,38.078,production,0,normal
2026-01-27 11:00:00,34.15,production,0,normal
2026-01-27 12:00:00,33.974,production,0,normal
2026-01-27 13:00:00,31.458,production,0,normal
2026-01-27 14:00:00,32.625,production,0,normal
2026-01-27 15:00:00,34.027,production,0,normal
2026-01-27 16:00:00,31.938,production,0,normal
2026-01-27 17:00:00,32.728,production,0,normal
2026-01-27 18:00:00,29.153,production,0,normal
2026-01-27 19:00:00,21.546,idle_or_offshift,0,normal
2026-01-27 20:00:00,22.698,idle_or_offshift,0,normal
2026-01-27 21:00:00,25.202,idle_or_offshift,0,normal
2026-01-27 22:00:00,25.642,idle_or_offshift,0,normal
2026-01-27 23:00:00,25.937,idle_or_offshift,0,normal
2026-01-28 00:00:00,28.121,idle_or_offshift,0,normal
2026-01-28 01:00:00,27.763,idle_or_offshift,0,normal
2026-01-28 02:00:00,28.961,idle_or_offshift,1,flatline_sensor_fault
2026-01-28 03:00:00,28.961,idle_or_offshift,1,flatline_sensor_fault
2026-01-28 04:00:00,28.961,idle_or_offshift,1,flatline_sensor_fault
2026-01-28 05:00:00,28.961,idle_or_offshift,1,flatline_sensor_fault
2026-01-28 06:00:00,28.961,idle_or_offshift,1,flatline_sensor_fault
2026-01-28 07:00:00,28.961,idle_or_offshift,1,flatline_sensor_fault
2026-01-28 08:00:00,28.961,production,1,flatline_sensor_fault
2026-01-28 09:00:00,28.961,production,1,flatline_sensor_fault
2026-01-28 10:00:00,28.961,production,1,flatline_sensor_fault
2026-01-28 11:00:00,28.961,production,1,flatline_sensor_fault
2026-01-28 12:00:00,28.961,production,1,flatline_sensor_fault
2026-01-28 13:00:00,28.961,production,1,flatline_sensor_fault
2026-01-28 14:00:00,35.916,production,0,normal
2026-01-28 15:00:00,32.806,production,0,normal
2026-01-28 16:00:00,31.064,production,0,normal
2026-01-28 17:00:00,28.829,production,0,normal
2026-01-28 18:00:00,31.655,production,0,normal
2026-01-28 19:00:00,23.342,idle_or_offshift,0,normal
2026-01-28 20:00:00,22.289,idle_or_offshift,0,normal
2026-01-28 21:00:00,21.487,idle_or_offshift,0,normal
2026-01-28 22:00:00,23.015,idle_or_offshift,0,normal
2026-01-28 23:00:00,26.349,idle_or_offshift,0,normal
2026-01-29 00:00:00,27.56,idle_or_offshift,0,normal
2026-01-29 01:00:00,28.167,idle_or_offshift,0,normal
2026-01-29 02:00:00,28.727,idle_or_offshift,0,normal
2026-01-29 03:00:00,26.645,idle_or_offshift,0,normal
2026-01-29 04:00:00,30.552,idle_or_offshift,0,normal
2026-01-29 05:00:00,29.005,idle_or_offshift,0,normal
2026-01-29 06:00:00,31.075,idle_or_offshift,0,normal
2026-01-29 07:00:00,31.701,idle_or_offshift,0,normal
2026-01-29 08:00:00,37.248,production,0,normal
2026-01-29 09:00:00,35.987,production,0,normal
2026-01-29 10:00:00,38.789,production,0,normal
2026-01-29 11:00:00,36.669,production,0,normal
2026-01-29 12:00:00,33.854,production,0,normal
2026-01-29 13:00:00,28.564,production,0,normal
2026-01-29 14:00:00,32.912,production,0,normal
2026-01-29 15:00:00,33.304,production,0,normal
2026-01-29 16:00:00,33.555,production,0,normal
2026-01-29 17:00:00,29.916,production,0,normal
2026-01-29 18:00:00,29.843,production,0,normal
2026-01-29 19:00:00,22.339,idle_or_offshift,0,normal
2026-01-29 20:00:00,25.044,idle_or_offshift,0,normal
2026-01-29 21:00:00,22.057,idle_or_offshift,0,normal
2026-01-29 22:00:00,24.797,idle_or_offshift,0,normal
2026-01-29 23:00:00,24.298,idle_or_offshift,0,normal
2026-01-30 00:00:00,27.483,idle_or_offshift,0,normal
2026-01-30 01:00:00,25.237,idle_or_offshift,0,normal
2026-01-30 02:00:00,29.677,idle_or_offshift,0,normal
2026-01-30 03:00:00,28.934,idle_or_offshift,0,normal
2026-01-30 04:00:00,30.061,idle_or_offshift,0,normal
2026-01-30 05:00:00,31.81,idle_or_offshift,0,normal
2026-01-30 06:00:00,33.059,idle_or_offshift,0,normal
2026-01-30 07:00:00,27.809,idle_or_offshift,0,normal
2026-01-30 08:00:00,40.271,production,0,normal
2026-01-30 09:00:00,38.833,production,0,normal
2026-01-30 10:00:00,36.47,production,0,normal
2026-01-30 11:00:00,38.562,production,0,normal
2026-01-30 12:00:00,35.34,production,0,normal
2026-01-30 13:00:00,36.293,production,0,normal
2026-01-30 14:00:00,31.933,production,0,normal
2026-01-30 15:00:00,30.611,production,0,normal
2026-01-30 16:00:00,33.74,production,0,normal
2026-01-30 17:00:00,35.032,production,0,normal
2026-01-30 18:00:00,32.141,production,0,normal
2026-01-30 19:00:00,24.74,idle_or_offshift,0,normal
2026-01-30 20:00:00,22.683,idle_or_offshift,0,normal
2026-01-30 21:00:00,21.786,idle_or_offshift,0,normal
2026-01-30 22:00:00,24.593,idle_or_offshift,0,normal
2026-01-30 23:00:00,28.665,idle_or_offshift,0,normal
2026-01-31 00:00:00,16.651,idle_or_offshift,0,normal
2026-01-31 01:00:00,20.144,idle_or_offshift,0,normal
2026-01-31 02:00:00,18.554,idle_or_offshift,0,normal
2026-01-31 03:00:00,23.023,idle_or_offshift,0,normal
2026-01-31 04:00:00,25.038,idle_or_offshift,0,normal
2026-01-31 05:00:00,21.627,idle_or_offshift,0,normal
2026-01-31 06:00:00,23.263,idle_or_offshift,0,normal
2026-01-31 07:00:00,26.25,idle_or_offshift,0,normal
2026-01-31 08:00:00,31.305,idle_or_offshift,0,normal
2026-01-31 09:00:00,28.598,idle_or_offshift,0,normal
2026-01-31 10:00:00,27.631,idle_or_offshift,0,normal
2026-01-31 11:00:00,25.409,idle_or_offshift,0,normal
2026-01-31 12:00:00,29.392,idle_or_offshift,0,normal
2026-01-31 13:00:00,25.622,idle_or_offshift,0,normal
2026-01-31 14:00:00,27.891,idle_or_offshift,0,normal
2026-01-31 15:00:00,26.732,idle_or_offshift,0,normal
2026-01-31 16:00:00,23.348,idle_or_offshift,0,normal
2026-01-31 17:00:00,23.186,idle_or_offshift,0,normal
2026-01-31 18:00:00,25.402,idle_or_offshift,0,normal
2026-01-31 19:00:00,16.405,idle_or_offshift,0,normal
2026-01-31 20:00:00,17.018,idle_or_offshift,0,normal
2026-01-31 21:00:00,14.207,idle_or_offshift,0,normal
2026-01-31 22:00:00,19.616,idle_or_offshift,0,normal
2026-01-31 23:00:00,17.389,idle_or_offshift,0,normal
2026-02-01 00:00:00,15.915,idle_or_offshift,0,normal
2026-02-01 01:00:00,19.925,idle_or_offshift,0,normal
2026-02-01 02:00:00,22.76,idle_or_offshift,0,normal
2026-02-01 03:00:00,26.603,idle_or_offshift,0,normal
2026-02-01 04:00:00,22.793,idle_or_offshift,0,normal
2026-02-01 05:00:00,21.47,idle_or_offshift,0,normal
2026-02-01 06:00:00,27.822,idle_or_offshift,0,normal
2026-02-01 07:00:00,24.152,idle_or_offshift,0,normal
2026-02-01 08:00:00,30.994,idle_or_offshift,0,normal
2026-02-01 09:00:00,28.892,idle_or_offshift,0,normal
2026-02-01 10:00:00,28.193,idle_or_offshift,0,normal
2026-02-01 11:00:00,31.697,idle_or_offshift,0,normal
2026-02-01 12:00:00,27.513,idle_or_offshift,0,normal
2026-02-01 13:00:00,25.997,idle_or_offshift,0,normal
2026-02-01 14:00:00,25.082,idle_or_offshift,0,normal
2026-02-01 15:00:00,27.994,idle_or_offshift,0,normal
2026-02-01 16:00:00,23.475,idle_or_offshift,0,normal
2026-02-01 17:00:00,25.267,idle_or_offshift,0,normal
2026-02-01 18:00:00,24.479,idle_or_offshift,0,normal
2026-02-01 19:00:00,16.567,idle_or_offshift,0,normal
2026-02-01 20:00:00,14.957,idle_or_offshift,0,normal
2026-02-01 21:00:00,18.357,idle_or_offshift,0,normal
2026-02-01 22:00:00,20.896,idle_or_offshift,0,normal
2026-02-01 23:00:00,18.871,idle_or_offshift,0,normal
2026-02-02 00:00:00,25.344,idle_or_offshift,0,normal
2026-02-02 01:00:00,25.711,idle_or_offshift,0,normal
2026-02-02 02:00:00,29.343,idle_or_offshift,0,normal
2026-02-02 03:00:00,29.339,idle_or_offshift,0,normal
2026-02-02 04:00:00,30.276,idle_or_offshift,0,normal
2026-02-02 05:00:00,30.885,idle_or_offshift,0,normal
2026-02-02 06:00:00,28.344,idle_or_offshift,0,normal
2026-02-02 07:00:00,32.27,idle_or_offshift,0,normal
2026-02-02 08:00:00,38.886,production,0,normal
2026-02-02 09:00:00,37.694,production,0,normal
2026-02-02 10:00:00,37.417,production,0,normal
2026-02-02 11:00:00,37.702,production,0,normal
2026-02-02 12:00:00,35.096,production,0,normal
2026-02-02 13:00:00,32.434,production,0,normal
2026-02-02 14:00:00,35.099,production,0,normal
2026-02-02 15:00:00,31.392,production,0,normal
2026-02-02 16:00:00,30.23,production,0,normal
2026-02-02 17:00:00,28.325,production,0,normal
2026-02-02 18:00:00,31.014,production,0,normal
2026-02-02 19:00:00,21.251,idle_or_offshift,0,normal
2026-02-02 20:00:00,22.601,idle_or_offshift,0,normal
2026-02-02 21:00:00,24.98,idle_or_offshift,0,normal
2026-02-02 22:00:00,67.06,idle_or_offshift,1,spike
2026-02-02 23:00:00,27.794,idle_or_offshift,0,normal
2026-02-03 00:00:00,27.549,idle_or_offshift,0,normal
2026-02-03 01:00:00,27.308,idle_or_offshift,0,normal
2026-02-03 02:00:00,28.407,idle_or_offshift,0,normal
2026-02-03 03:00:00,28.915,idle_or_offshift,0,normal
2026-02-03 04:00:00,31.628,idle_or_offshift,0,normal
2026-02-03 05:00:00,30.902,idle_or_offshift,0,normal
2026-02-03 06:00:00,30.26,idle_or_offshift,0,normal
2026-02-03 07:00:00,32.385,idle_or_offshift,0,normal
2026-02-03 08:00:00,38.637,production,0,normal
2026-02-03 09:00:00,36.99,production,0,normal
2026-02-03 10:00:00,34.278,production,0,normal
2026-02-03 11:00:00,36.823,production,0,normal
2026-02-03 12:00:00,35.43,production,0,normal
2026-02-03 13:00:00,34.057,production,0,normal
2026-02-03 14:00:00,32.219,production,0,normal
2026-02-03 15:00:00,30.671,production,0,normal
2026-02-03 16:00:00,31.128,production,0,normal
2026-02-03 17:00:00,31.553,production,0,normal
2026-02-03 18:00:00,30.77,production,0,normal
2026-02-03 19:00:00,22.876,idle_or_offshift,0,normal
2026-02-03 20:00:00,22.693,idle_or_offshift,0,normal
2026-02-03 21:00:00,24.782,idle_or_offshift,0,normal
2026-02-03 22:00:00,25.421,idle_or_offshift,0,normal
2026-02-03 23:00:00,24.61,idle_or_offshift,0,normal
2026-02-04 00:00:00,28.368,idle_or_offshift,0,normal
2026-02-04 01:00:00,29.46,idle_or_offshift,0,normal
2026-02-04 02:00:00,30.464,idle_or_offshift,0,normal
2026-02-04 03:00:00,29.593,idle_or_offshift,0,normal
2026-02-04 04:00:00,30.115,idle_or_offshift,0,normal
2026-02-04 05:00:00,28.777,idle_or_offshift,0,normal
2026-02-04 06:00:00,32.358,idle_or_offshift,0,normal
2026-02-04 07:00:00,27.019,idle_or_offshift,0,normal
2026-02-04 08:00:00,37.76,production,0,normal
2026-02-04 09:00:00,37.217,production,0,normal
2026-02-04 10:00:00,38.541,production,0,normal
2026-02-04 11:00:00,36.034,production,0,normal
2026-02-04 12:00:00,33.264,production,0,normal
2026-02-04 13:00:00,31.397,production,0,normal
2026-02-04 14:00:00,31.688,production,0,normal
2026-02-04 15:00:00,32.363,production,0,normal
2026-02-04 16:00:00,31.635,production,0,normal
2026-02-04 17:00:00,30.781,production,0,normal
2026-02-04 18:00:00,29.768,production,0,normal
2026-02-04 19:00:00,22.758,idle_or_offshift,0,normal
2026-02-04 20:00:00,25.332,idle_or_offshift,0,normal
2026-02-04 21:00:00,22.191,idle_or_offshift,0,normal
2026-02-04 22:00:00,25.061,idle_or_offshift,0,normal
2026-02-04 23:00:00,28.878,idle_or_offshift,0,normal
2026-02-05 00:00:00,27.998,idle_or_offshift,0,normal
2026-02-05 01:00:00,27.215,idle_or_offshift,0,normal
2026-02-05 02:00:00,30.19,idle_or_offshift,0,normal
2026-02-05 03:00:00,28.475,idle_or_offshift,0,normal
2026-02-05 04:00:00,30.477,idle_or_offshift,0,normal
2026-02-05 05:00:00,33.661,idle_or_offshift,0,normal
2026-02-05 06:00:00,34.409,idle_or_offshift,0,normal
2026-02-05 07:00:00,27.788,idle_or_offshift,0,normal
2026-02-05 08:00:00,39.724,production,0,normal
2026-02-05 09:00:00,41.336,production,0,normal
2026-02-05 10:00:00,36.018,production,0,normal
2026-02-05 11:00:00,36.501,production,0,normal
2026-02-05 12:00:00,37.713,production,0,normal
2026-02-05 13:00:00,33.078,production,0,normal
2026-02-05 14:00:00,33.814,production,0,normal
2026-02-05 15:00:00,32.065,production,0,normal
2026-02-05 16:00:00,28.07,production,0,normal
2026-02-05 17:00:00,31.759,production,0,normal
2026-02-05 18:00:00,30.669,production,0,normal
2026-02-05 19:00:00,24.807,idle_or_offshift,0,normal
2026-02-05 20:00:00,27.304,idle_or_offshift,0,normal
2026-02-05 21:00:00,25.403,idle_or_offshift,0,normal
2026-02-05 22:00:00,24.339,idle_or_offshift,0,normal
2026-02-05 23:00:00,26.775,idle_or_offshift,0,normal
2026-02-06 00:00:00,27.363,idle_or_offshift,0,normal
2026-02-06 01:00:00,29.877,idle_or_offshift,0,normal
2026-02-06 02:00:00,26.41,idle_or_offshift,0,normal
2026-02-06 03:00:00,27.729,idle_or_offshift,0,normal
2026-02-06 04:00:00,26.783,idle_or_offshift,0,normal
2026-02-06 05:00:00,31.956,idle_or_offshift,0,normal
2026-02-06 06:00:00,30.966,idle_or_offshift,0,normal
2026-02-06 07:00:00,29.711,idle_or_offshift,0,normal
2026-02-06 08:00:00,37.159,production,0,normal
2026-02-06 09:00:00,36.798,production,0,normal
2026-02-06 10:00:00,35.33,production,0,normal
2026-02-06 11:00:00,35.457,production,0,normal
2026-02-06 12:00:00,34.11,production,0,normal
2026-02-06 13:00:00,36.467,production,0,normal
2026-02-06 14:00:00,33.582,production,0,normal
2026-02-06 15:00:00,30.698,production,0,normal
2026-02-06 16:00:00,30.485,production,0,normal
2026-02-06 17:00:00,33.294,production,0,normal
2026-02-06 18:00:00,31.814,production,0,normal
2026-02-06 19:00:00,23.668,idle_or_offshift,0,normal
2026-02-06 20:00:00,24.833,idle_or_offshift,0,normal
2026-02-06 21:00:00,27.027,idle_or_offshift,0,normal
2026-02-06 22:00:00,22.809,idle_or_offshift,0,normal
2026-02-06 23:00:00,24.623,idle_or_offshift,0,normal
2026-02-07 00:00:00,16.867,idle_or_offshift,0,normal
2026-02-07 01:00:00,21.926,idle_or_offshift,0,normal
2026-02-07 02:00:00,21.318,idle_or_offshift,0,normal
2026-02-07 03:00:00,21.619,idle_or_offshift,0,normal
2026-02-07 04:00:00,22.092,idle_or_offshift,0,normal
2026-02-07 05:00:00,25.108,idle_or_offshift,0,normal
2026-02-07 06:00:00,23.744,idle_or_offshift,0,normal
2026-02-07 07:00:00,22.909,idle_or_offshift,0,normal
2026-02-07 08:00:00,33.724,idle_or_offshift,0,normal
2026-02-07 09:00:00,28.945,idle_or_offshift,0,normal
2026-02-07 10:00:00,27.724,idle_or_offshift,0,normal
2026-02-07 11:00:00,33.706,idle_or_offshift,0,normal
2026-02-07 12:00:00,27.338,idle_or_offshift,0,normal
2026-02-07 13:00:00,25.986,idle_or_offshift,0,normal
2026-02-07 14:00:00,24.691,idle_or_offshift,0,normal
2026-02-07 15:00:00,24.925,idle_or_offshift,0,normal
2026-02-07 16:00:00,25.945,idle_or_offshift,0,normal
2026-02-07 17:00:00,25.493,idle_or_offshift,0,normal
2026-02-07 18:00:00,24.979,idle_or_offshift,0,normal
2026-02-07 19:00:00,15.635,idle_or_offshift,0,normal
2026-02-07 20:00:00,13.854,idle_or_offshift,0,normal
2026-02-07 21:00:00,17.681,idle_or_offshift,0,normal
2026-02-07 22:00:00,20.734,idle_or_offshift,0,normal
2026-02-07 23:00:00,20.889,idle_or_offshift,0,normal
2026-02-08 00:00:00,19.697,idle_or_offshift,0,normal
2026-02-08 01:00:00,22.48,idle_or_offshift,0,normal
2026-02-08 02:00:00,21.306,idle_or_offshift,0,normal
2026-02-08 03:00:00,22.729,idle_or_offshift,0,normal
2026-02-08 04:00:00,21.242,idle_or_offshift,0,normal
2026-02-08 05:00:00,23.296,idle_or_offshift,0,normal
2026-02-08 06:00:00,24.253,idle_or_offshift,0,normal
2026-02-08 07:00:00,23.559,idle_or_offshift,0,normal
2026-02-08 08:00:00,14.85,idle_or_offshift,1,unexpected_drop
2026-02-08 09:00:00,16.219,idle_or_offshift,1,unexpected_drop
2026-02-08 10:00:00,14.379,idle_or_offshift,1,unexpected_drop
2026-02-08 11:00:00,10.486,idle_or_offshift,1,unexpected_drop
2026-02-08 12:00:00,8.684,idle_or_offshift,1,unexpected_drop
2026-02-08 13:00:00,7.79,idle_or_offshift,1,unexpected_drop
2026-02-08 14:00:00,24.24,idle_or_offshift,0,normal
2026-02-08 15:00:00,25.233,idle_or_offshift,0,normal
2026-02-08 16:00:00,25.294,idle_or_offshift,0,normal
2026-02-08 17:00:00,24.466,idle_or_offshift,0,normal
2026-02-08 18:00:00,24.349,idle_or_offshift,0,normal
2026-02-08 19:00:00,16.421,idle_or_offshift,0,normal
2026-02-08 20:00:00,16.298,idle_or_offshift,0,normal
2026-02-08 21:00:00,15.835,idle_or_offshift,0,normal
2026-02-08 22:00:00,21.104,idle_or_offshift,0,normal
2026-02-08 23:00:00,20.85,idle_or_offshift,0,normal
2026-02-09 00:00:00,25.365,idle_or_offshift,0,normal
2026-02-09 01:00:00,26.406,idle_or_offshift,0,normal
2026-02-09 02:00:00,27.945,idle_or_offshift,0,normal
2026-02-09 03:00:00,29.888,idle_or_offshift,0,normal
2026-02-09 04:00:00,32.73,idle_or_offshift,0,normal
2026-02-09 05:00:00,32.69,idle_or_offshift,0,normal
2026-02-09 06:00:00,32.922,idle_or_offshift,0,normal
2026-02-09 07:00:00,32.822,idle_or_offshift,0,normal
2026-02-09 08:00:00,40.456,production,0,normal
2026-02-09 09:00:00,39.154,production,0,normal
2026-02-09 10:00:00,37.818,production,0,normal
2026-02-09 11:00:00,35.821,production,0,normal
2026-02-09 12:00:00,31.861,production,0,normal
2026-02-09 13:00:00,33.732,production,0,normal
2026-02-09 14:00:00,36.244,production,0,normal
2026-02-09 15:00:00,31.2,production,0,normal
2026-02-09 16:00:00,30.41,production,0,normal
2026-02-09 17:00:00,32.968,production,0,normal
2026-02-09 18:00:00,31.145,production,0,normal
2026-02-09 19:00:00,22.272,idle_or_offshift,0,normal
2026-02-09 20:00:00,26.34,idle_or_offshift,0,normal
2026-02-09 21:00:00,25.295,idle_or_offshift,0,normal
2026-02-09 22:00:00,26.364,idle_or_offshift,0,normal
2026-02-09 23:00:00,24.948,idle_or_offshift,0,normal
2026-02-10 00:00:00,27.895,idle_or_offshift,0,normal
2026-02-10 01:00:00,28.713,idle_or_offshift,0,normal
2026-02-10 02:00:00,30.399,idle_or_offshift,0,normal
2026-02-10 03:00:00,31.897,idle_or_offshift,0,normal
2026-02-10 04:00:00,32.491,idle_or_offshift,0,normal
2026-02-10 05:00:00,31.171,idle_or_offshift,0,normal
2026-02-10 06:00:00,32.241,idle_or_offshift,0,normal
2026-02-10 07:00:00,28.803,idle_or_offshift,0,normal
2026-02-10 08:00:00,39.623,production,0,normal
2026-02-10 09:00:00,39.06,production,0,normal
2026-02-10 10:00:00,36.3,production,0,normal
2026-02-10 11:00:00,34.643,production,0,normal
2026-02-10 12:00:00,34.894,production,0,normal
2026-02-10 13:00:00,31.781,production,0,normal
2026-02-10 14:00:00,33.614,production,0,normal
2026-02-10 15:00:00,32.702,production,0,normal
2026-02-10 16:00:00,29.828,production,0,normal
2026-02-10 17:00:00,31.222,production,0,normal
2026-02-10 18:00:00,32.922,production,0,normal
2026-02-10 19:00:00,25.049,idle_or_offshift,0,normal
2026-02-10 20:00:00,58.355,idle_or_offshift,1,spike
2026-02-10 21:00:00,23.901,idle_or_offshift,0,normal
2026-02-10 22:00:00,24.391,idle_or_offshift,0,normal
2026-02-10 23:00:00,25.261,idle_or_offshift,0,normal
2026-02-11 00:00:00,28.067,idle_or_offshift,0,normal
2026-02-11 01:00:00,32.269,idle_or_offshift,0,normal
2026-02-11 02:00:00,31.529,idle_or_offshift,0,normal
2026-02-11 03:00:00,32.683,idle_or_offshift,0,normal
2026-02-11 04:00:00,32.894,idle_or_offshift,0,normal
2026-02-11 05:00:00,27.961,idle_or_offshift,0,normal
2026-02-11 06:00:00,30.639,idle_or_offshift,0,normal
2026-02-11 07:00:00,30.085,idle_or_offshift,0,normal
2026-02-11 08:00:00,40.713,production,0,normal
2026-02-11 09:00:00,40.868,production,0,normal
2026-02-11 10:00:00,35.805,production,0,normal
2026-02-11 11:00:00,36.105,production,0,normal
2026-02-11 12:00:00,36.003,production,0,normal
2026-02-11 13:00:00,33.086,production,0,normal
2026-02-11 14:00:00,31.869,production,0,normal
2026-02-11 15:00:00,30.952,production,0,normal
2026-02-11 16:00:00,33.129,production,0,normal
2026-02-11 17:00:00,29.5,production,0,normal
2026-02-11 18:00:00,33.044,production,0,normal
2026-02-11 19:00:00,23.293,idle_or_offshift,0,normal
2026-02-11 20:00:00,24.889,idle_or_offshift,0,normal
2026-02-11 21:00:00,26.953,idle_or_offshift,0,normal
2026-02-11 22:00:00,23.796,idle_or_offshift,0,normal
2026-02-11 23:00:00,24.495,idle_or_offshift,0,normal
2026-02-12 00:00:00,27.768,idle_or_offshift,0,normal
2026-02-12 01:00:00,26.178,idle_or_offshift,0,normal
2026-02-12 02:00:00,27.686,idle_or_offshift,0,normal
2026-02-12 03:00:00,29.624,idle_or_offshift,0,normal
2026-02-12 04:00:00,30.746,idle_or_offshift,0,normal
2026-02-12 05:00:00,28.626,idle_or_offshift,0,normal
2026-02-12 06:00:00,30.312,idle_or_offshift,0,normal
2026-02-12 07:00:00,31.912,idle_or_offshift,0,normal
2026-02-12 08:00:00,40.881,production,0,normal
2026-02-12 09:00:00,34.302,production,0,normal
2026-02-12 10:00:00,39.347,production,0,normal
2026-02-12 11:00:00,37.619,production,0,normal
2026-02-12 12:00:00,33.051,production,0,normal
2026-02-12 13:00:00,31.325,production,0,normal
2026-02-12 14:00:00,33.75,production,0,normal
2026-02-12 15:00:00,31.418,production,0,normal
2026-02-12 16:00:00,31.78,production,0,normal
2026-02-12 17:00:00,32.681,production,0,normal
2026-02-12 18:00:00,30.332,production,0,normal
2026-02-12 19:00:00,23.428,idle_or_offshift,0,normal
2026-02-12 20:00:00,24.388,idle_or_offshift,0,normal
2026-02-12 21:00:00,25.766,idle_or_offshift,0,normal
2026-02-12 22:00:00,28.159,idle_or_offshift,0,normal
2026-02-12 23:00:00,29.015,idle_or_offshift,0,normal
2026-02-13 00:00:00,27.432,idle_or_offshift,0,normal
2026-02-13 01:00:00,27.612,idle_or_offshift,0,normal
2026-02-13 02:00:00,33.254,idle_or_offshift,0,normal
2026-02-13 03:00:00,30.977,idle_or_offshift,0,normal
2026-02-13 04:00:00,31.23,idle_or_offshift,0,normal
2026-02-13 05:00:00,28.891,idle_or_offshift,0,normal
2026-02-13 06:00:00,32.395,idle_or_offshift,0,normal
2026-02-13 07:00:00,29.472,idle_or_offshift,0,normal
2026-02-13 08:00:00,37.644,production,0,normal
2026-02-13 09:00:00,35.437,production,0,normal
2026-02-13 10:00:00,36.071,production,0,normal
2026-02-13 11:00:00,36.147,production,0,normal
2026-02-13 12:00:00,32.314,production,0,normal
2026-02-13 13:00:00,32.362,production,0,normal
2026-02-13 14:00:00,32.861,production,0,normal
2026-02-13 15:00:00,29.91,production,0,normal
2026-02-13 16:00:00,29.294,production,0,normal
2026-02-13 17:00:00,29.647,production,0,normal
2026-02-13 18:00:00,28.48,production,0,normal
2026-02-13 19:00:00,24.237,idle_or_offshift,0,normal
2026-02-13 20:00:00,21.757,idle_or_offshift,0,normal
2026-02-13 21:00:00,25.55,idle_or_offshift,0,normal
2026-02-13 22:00:00,26.658,idle_or_offshift,0,normal
2026-02-13 23:00:00,23.819,idle_or_offshift,0,normal
2026-02-14 00:00:00,20.073,idle_or_offshift,0,normal
2026-02-14 01:00:00,20.178,idle_or_offshift,0,normal
2026-02-14 02:00:00,19.962,idle_or_offshift,0,normal
2026-02-14 03:00:00,22.229,idle_or_offshift,0,normal
2026-02-14 04:00:00,23.032,idle_or_offshift,0,normal
2026-02-14 05:00:00,25.138,idle_or_offshift,0,normal
2026-02-14 06:00:00,25.839,idle_or_offshift,0,normal
2026-02-14 07:00:00,21.891,idle_or_offshift,0,normal
2026-02-14 08:00:00,30.736,idle_or_offshift,0,normal
2026-02-14 09:00:00,31.78,idle_or_offshift,0,normal
2026-02-14 10:00:00,32.113,idle_or_offshift,0,normal
2026-02-14 11:00:00,24.654,idle_or_offshift,0,normal
2026-02-14 12:00:00,30.294,idle_or_offshift,0,normal
2026-02-14 13:00:00,26.663,idle_or_offshift,0,normal
2026-02-14 14:00:00,28.751,idle_or_offshift,0,normal
2026-02-14 15:00:00,24.411,idle_or_offshift,0,normal
2026-02-14 16:00:00,23.044,idle_or_offshift,0,normal
2026-02-14 17:00:00,24.217,idle_or_offshift,0,normal
2026-02-14 18:00:00,26.1,idle_or_offshift,0,normal
2026-02-14 19:00:00,16.191,idle_or_offshift,0,normal
2026-02-14 20:00:00,12.302,idle_or_offshift,0,normal
2026-02-14 21:00:00,18.4,idle_or_offshift,0,normal
2026-02-14 22:00:00,15.109,idle_or_offshift,0,normal
2026-02-14 23:00:00,17.207,idle_or_offshift,0,normal
2026-02-15 00:00:00,17.913,idle_or_offshift,0,normal
2026-02-15 01:00:00,17.733,idle_or_offshift,0,normal
2026-02-15 02:00:00,19.749,idle_or_offshift,0,normal
2026-02-15 03:00:00,21.054,idle_or_offshift,0,normal
2026-02-15 04:00:00,22.364,idle_or_offshift,0,normal
2026-02-15 05:00:00,23.768,idle_or_offshift,0,normal
2026-02-15 06:00:00,23.399,idle_or_offshift,0,normal
2026-02-15 07:00:00,21.199,idle_or_offshift,0,normal
2026-02-15 08:00:00,31.137,idle_or_offshift,0,normal
2026-02-15 09:00:00,32.579,idle_or_offshift,0,normal
2026-02-15 10:00:00,31.707,idle_or_offshift,0,normal
2026-02-15 11:00:00,29.278,idle_or_offshift,0,normal
2026-02-15 12:00:00,29.115,idle_or_offshift,0,normal
2026-02-15 13:00:00,28.571,idle_or_offshift,0,normal
2026-02-15 14:00:00,28.451,idle_or_offshift,0,normal
2026-02-15 15:00:00,28.225,idle_or_offshift,0,normal
2026-02-15 16:00:00,23.959,idle_or_offshift,0,normal
2026-02-15 17:00:00,23.647,idle_or_offshift,0,normal
2026-02-15 18:00:00,26.651,idle_or_offshift,0,normal
2026-02-15 19:00:00,18.946,idle_or_offshift,0,normal
2026-02-15 20:00:00,49.309,idle_or_offshift,1,spike
2026-02-15 21:00:00,12.953,idle_or_offshift,0,normal
2026-02-15 22:00:00,17.605,idle_or_offshift,0,normal
2026-02-15 23:00:00,13.105,idle_or_offshift,0,normal
2026-02-16 00:00:00,28.314,idle_or_offshift,0,normal
2026-02-16 01:00:00,28.135,idle_or_offshift,0,normal
2026-02-16 02:00:00,29.094,idle_or_offshift,0,normal
2026-02-16 03:00:00,29.581,idle_or_offshift,0,normal
2026-02-16 04:00:00,32.81,idle_or_offshift,0,normal
2026-02-16 05:00:00,30.336,idle_or_offshift,0,normal
2026-02-16 06:00:00,32.86,idle_or_offshift,0,normal
2026-02-16 07:00:00,31.86,idle_or_offshift,0,normal
2026-02-16 08:00:00,39.106,production,0,normal
2026-02-16 09:00:00,38.661,production,0,normal
2026-02-16 10:00:00,37.199,production,0,normal
2026-02-16 11:00:00,34.067,production,0,normal
2026-02-16 12:00:00,36.289,production,0,normal
2026-02-16 13:00:00,35.249,production,0,normal
2026-02-16 14:00:00,32.741,production,0,normal
2026-02-16 15:00:00,33.487,production,0,normal
2026-02-16 16:00:00,33.154,production,0,normal
2026-02-16 17:00:00,28.83,production,0,normal
2026-02-16 18:00:00,30.744,production,0,normal
2026-02-16 19:00:00,22.338,idle_or_offshift,0,normal
2026-02-16 20:00:00,21.907,idle_or_offshift,0,normal
2026-02-16 21:00:00,24.752,idle_or_offshift,0,normal
2026-02-16 22:00:00,23.482,idle_or_offshift,0,normal
2026-02-16 23:00:00,25.183,idle_or_offshift,0,normal
2026-02-17 00:00:00,27.442,idle_or_offshift,0,normal
2026-02-17 01:00:00,28.665,idle_or_offshift,0,normal
2026-02-17 02:00:00,29.579,idle_or_offshift,0,normal
2026-02-17 03:00:00,33.849,idle_or_offshift,0,normal
2026-02-17 04:00:00,29.557,idle_or_offshift,0,normal
2026-02-17 05:00:00,31.314,idle_or_offshift,0,normal
2026-02-17 06:00:00,28.829,idle_or_offshift,0,normal
2026-02-17 07:00:00,31.73,idle_or_offshift,0,normal
2026-02-17 08:00:00,40.54,production,0,normal
2026-02-17 09:00:00,40.013,production,0,normal
2026-02-17 10:00:00,35.856,production,0,normal
2026-02-17 11:00:00,35.532,production,0,normal
2026-02-17 12:00:00,37.272,production,0,normal
2026-02-17 13:00:00,33.797,production,0,normal
2026-02-17 14:00:00,34.726,production,0,normal
2026-02-17 15:00:00,30.421,production,0,normal
2026-02-17 16:00:00,34.026,production,0,normal
2026-02-17 17:00:00,32.985,production,0,normal
2026-02-17 18:00:00,31.835,production,0,normal
2026-02-17 19:00:00,21.699,idle_or_offshift,0,normal
2026-02-17 20:00:00,23.248,idle_or_offshift,0,normal
2026-02-17 21:00:00,24.444,idle_or_offshift,0,normal
2026-02-17 22:00:00,25.474,idle_or_offshift,0,normal
2026-02-17 23:00:00,25.776,idle_or_offshift,0,normal
2026-02-18 00:00:00,26.607,idle_or_offshift,0,normal
2026-02-18 01:00:00,28.382,idle_or_offshift,0,normal
2026-02-18 02:00:00,31.512,idle_or_offshift,0,normal
2026-02-18 03:00:00,26.214,idle_or_offshift,0,normal
2026-02-18 04:00:00,27.995,idle_or_offshift,0,normal
2026-02-18 05:00:00,28.083,idle_or_offshift,0,normal
2026-02-18 06:00:00,29.763,idle_or_offshift,0,normal
2026-02-18 07:00:00,27.731,idle_or_offshift,0,normal
2026-02-18 08:00:00,39.46,production,0,normal
2026-02-18 09:00:00,38.001,production,0,normal
2026-02-18 10:00:00,36.543,production,0,normal
2026-02-18 11:00:00,34.808,production,0,normal
2026-02-18 12:00:00,35.282,production,0,normal
2026-02-18 13:00:00,34.286,production,0,normal
2026-02-18 14:00:00,33.594,production,0,normal
2026-02-18 15:00:00,30.859,production,0,normal
2026-02-18 16:00:00,32.705,production,0,normal
2026-02-18 17:00:00,28.493,production,0,normal
2026-02-18 18:00:00,33.249,production,0,normal
2026-02-18 19:00:00,17.598,idle_or_offshift,0,normal
2026-02-18 20:00:00,22.467,idle_or_offshift,0,normal
2026-02-18 21:00:00,22.007,idle_or_offshift,0,normal
2026-02-18 22:00:00,26.422,idle_or_offshift,0,normal
2026-02-18 23:00:00,23.291,idle_or_offshift,0,normal
2026-02-19 00:00:00,30.279,idle_or_offshift,0,normal
2026-02-19 01:00:00,25.255,idle_or_offshift,0,normal
2026-02-19 02:00:00,32.651,idle_or_offshift,0,normal
2026-02-19 03:00:00,30.635,idle_or_offshift,0,normal
2026-02-19 04:00:00,35.519,idle_or_offshift,1,gradual_overload
2026-02-19 05:00:00,38.119,idle_or_offshift,1,gradual_overload
2026-02-19 06:00:00,42.888,idle_or_offshift,1,gradual_overload
2026-02-19 07:00:00,41.883,idle_or_offshift,1,gradual_overload
2026-02-19 08:00:00,45.326,production,1,gradual_overload
2026-02-19 09:00:00,52.331,production,1,gradual_overload
2026-02-19 10:00:00,51.241,production,1,gradual_overload
2026-02-19 11:00:00,48.419,production,1,gradual_overload
2026-02-19 12:00:00,53.134,production,1,gradual_overload
2026-02-19 13:00:00,50.02,production,1,gradual_overload
2026-02-19 14:00:00,53.032,production,1,gradual_overload
2026-02-19 15:00:00,53.768,production,1,gradual_overload
2026-02-19 16:00:00,53.016,production,1,gradual_overload
2026-02-19 17:00:00,56.42,production,1,gradual_overload
2026-02-19 18:00:00,54.749,production,1,gradual_overload
2026-02-19 19:00:00,50.539,idle_or_offshift,1,gradual_overload
2026-02-19 20:00:00,51.08,idle_or_offshift,1,gradual_overload
2026-02-19 21:00:00,53.843,idle_or_offshift,1,gradual_overload
2026-02-19 22:00:00,28.461,idle_or_offshift,0,normal
2026-02-19 23:00:00,26.166,idle_or_offshift,0,normal
2026-02-20 00:00:00,25.043,idle_or_offshift,0,normal
2026-02-20 01:00:00,27.824,idle_or_offshift,0,normal
2026-02-20 02:00:00,27.615,idle_or_offshift,0,normal
2026-02-20 03:00:00,29.876,idle_or_offshift,0,normal
2026-02-20 04:00:00,30.756,idle_or_offshift,0,normal
2026-02-20 05:00:00,31.017,idle_or_offshift,0,normal
2026-02-20 06:00:00,31.151,idle_or_offshift,0,normal
2026-02-20 07:00:00,29.884,idle_or_offshift,0,normal
2026-02-20 08:00:00,39.273,production,0,normal
2026-02-20 09:00:00,39.732,production,0,normal
2026-02-20 10:00:00,35.883,production,0,normal
2026-02-20 11:00:00,35.93,production,0,normal
2026-02-20 12:00:00,35.109,production,0,normal
2026-02-20 13:00:00,36.221,production,0,normal
2026-02-20 14:00:00,34.943,production,0,normal
2026-02-20 15:00:00,30.857,production,0,normal
2026-02-20 16:00:00,31.666,production,0,normal
2026-02-20 17:00:00,28.447,production,0,normal
2026-02-20 18:00:00,29.262,production,0,normal
2026-02-20 19:00:00,23.163,idle_or_offshift,0,normal
2026-02-20 20:00:00,24.67,idle_or_offshift,0,normal
2026-02-20 21:00:00,25.889,idle_or_offshift,0,normal
2026-02-20 22:00:00,24.441,idle_or_offshift,0,normal
2026-02-20 23:00:00,23.529,idle_or_offshift,0,normal
2026-02-21 00:00:00,20.714,idle_or_offshift,0,normal
2026-02-21 01:00:00,20.724,idle_or_offshift,0,normal
2026-02-21 02:00:00,22.763,idle_or_offshift,0,normal
2026-02-21 03:00:00,23.117,idle_or_offshift,0,normal
2026-02-21 04:00:00,24.752,idle_or_offshift,0,normal
2026-02-21 05:00:00,25.042,idle_or_offshift,0,normal
2026-02-21 06:00:00,25.518,idle_or_offshift,0,normal
2026-02-21 07:00:00,23.037,idle_or_offshift,0,normal
2026-02-21 08:00:00,33.256,idle_or_offshift,0,normal
2026-02-21 09:00:00,29.923,idle_or_offshift,0,normal
2026-02-21 10:00:00,30.153,idle_or_offshift,0,normal
2026-02-21 11:00:00,32.384,idle_or_offshift,0,normal
2026-02-21 12:00:00,28.642,idle_or_offshift,0,normal
2026-02-21 13:00:00,24.866,idle_or_offshift,0,normal
2026-02-21 14:00:00,28.683,idle_or_offshift,0,normal
2026-02-21 15:00:00,26.972,idle_or_offshift,0,normal
2026-02-21 16:00:00,26.589,idle_or_offshift,0,normal
2026-02-21 17:00:00,24.491,idle_or_offshift,0,normal
2026-02-21 18:00:00,24.622,idle_or_offshift,0,normal
2026-02-21 19:00:00,15.717,idle_or_offshift,0,normal
2026-02-21 20:00:00,15.276,idle_or_offshift,0,normal
2026-02-21 21:00:00,19.926,idle_or_offshift,0,normal
2026-02-21 22:00:00,17.337,idle_or_offshift,0,normal
2026-02-21 23:00:00,18.099,idle_or_offshift,0,normal
2026-02-22 00:00:00,19.202,idle_or_offshift,0,normal
2026-02-22 01:00:00,24.387,idle_or_offshift,0,normal
2026-02-22 02:00:00,23.581,idle_or_offshift,0,normal
2026-02-22 03:00:00,22.166,idle_or_offshift,0,normal
2026-02-22 04:00:00,23.382,idle_or_offshift,0,normal
2026-02-22 05:00:00,24.783,idle_or_offshift,0,normal
2026-02-22 06:00:00,25.581,idle_or_offshift,0,normal
2026-02-22 07:00:00,20.965,idle_or_offshift,0,normal
2026-02-22 08:00:00,33.091,idle_or_offshift,0,normal
2026-02-22 09:00:00,30.436,idle_or_offshift,0,normal
2026-02-22 10:00:00,28.765,idle_or_offshift,0,normal
2026-02-22 11:00:00,28.333,idle_or_offshift,0,normal
2026-02-22 12:00:00,29.425,idle_or_offshift,0,normal
2026-02-22 13:00:00,30.13,idle_or_offshift,0,normal
2026-02-22 14:00:00,26.266,idle_or_offshift,0,normal
2026-02-22 15:00:00,26.174,idle_or_offshift,0,normal
2026-02-22 16:00:00,23.071,idle_or_offshift,0,normal
2026-02-22 17:00:00,25.021,idle_or_offshift,0,normal
2026-02-22 18:00:00,25.481,idle_or_offshift,0,normal
2026-02-22 19:00:00,13.458,idle_or_offshift,0,normal
2026-02-22 20:00:00,15.613,idle_or_offshift,0,normal
2026-02-22 21:00:00,18.595,idle_or_offshift,0,normal
2026-02-22 22:00:00,14.834,idle_or_offshift,0,normal
2026-02-22 23:00:00,18.292,idle_or_offshift,0,normal
2026-02-23 00:00:00,28.081,idle_or_offshift,0,normal
2026-02-23 01:00:00,24.992,idle_or_offshift,0,normal
2026-02-23 02:00:00,28.286,idle_or_offshift,0,normal
2026-02-23 03:00:00,29.927,idle_or_offshift,0,normal
2026-02-23 04:00:00,32.067,idle_or_offshift,0,normal
2026-02-23 05:00:00,28.562,idle_or_offshift,0,normal
2026-02-23 06:00:00,32.997,idle_or_offshift,0,normal
2026-02-23 07:00:00,31.414,idle_or_offshift,0,normal
2026-02-23 08:00:00,40.618,production,0,normal
2026-02-23 09:00:00,39.922,production,0,normal
2026-02-23 10:00:00,37.613,production,0,normal
2026-02-23 11:00:00,36.91,production,0,normal
2026-02-23 12:00:00,31.869,production,0,normal
2026-02-23 13:00:00,31.534,production,0,normal
2026-02-23 14:00:00,31.19,production,0,normal
2026-02-23 15:00:00,31.545,production,0,normal
2026-02-23 16:00:00,33.216,production,0,normal
2026-02-23 17:00:00,27.926,production,0,normal
2026-02-23 18:00:00,30.424,production,0,normal
2026-02-23 19:00:00,20.758,idle_or_offshift,0,normal
2026-02-23 20:00:00,20.732,idle_or_offshift,0,normal
2026-02-23 21:00:00,26.83,idle_or_offshift,0,normal
2026-02-23 22:00:00,25.177,idle_or_offshift,0,normal
2026-02-23 23:00:00,28.908,idle_or_offshift,0,normal
2026-02-24 00:00:00,29.131,idle_or_offshift,0,normal
2026-02-24 01:00:00,26.377,idle_or_offshift,0,normal
2026-02-24 02:00:00,25.662,idle_or_offshift,0,normal
2026-02-24 03:00:00,33.555,idle_or_offshift,0,normal
2026-02-24 04:00:00,29.735,idle_or_offshift,0,normal
2026-02-24 05:00:00,28.804,idle_or_offshift,0,normal
2026-02-24 06:00:00,32.244,idle_or_offshift,0,normal
2026-02-24 07:00:00,31.109,idle_or_offshift,0,normal
2026-02-24 08:00:00,37.256,production,0,normal
2026-02-24 09:00:00,37.206,production,0,normal
2026-02-24 10:00:00,37.29,production,0,normal
2026-02-24 11:00:00,36.168,production,0,normal
2026-02-24 12:00:00,36.36,production,0,normal
2026-02-24 13:00:00,33.328,production,0,normal
2026-02-24 14:00:00,32.382,production,0,normal
2026-02-24 15:00:00,33.253,production,0,normal
2026-02-24 16:00:00,32.099,production,0,normal
2026-02-24 17:00:00,33.106,production,0,normal
2026-02-24 18:00:00,30.55,production,0,normal
2026-02-24 19:00:00,22.959,idle_or_offshift,0,normal
2026-02-24 20:00:00,21.455,idle_or_offshift,0,normal
2026-02-24 21:00:00,26.87,idle_or_offshift,0,normal
2026-02-24 22:00:00,22.491,idle_or_offshift,0,normal
2026-02-24 23:00:00,26.328,idle_or_offshift,0,normal
2026-02-25 00:00:00,25.394,idle_or_offshift,0,normal
2026-02-25 01:00:00,28.643,idle_or_offshift,0,normal
2026-02-25 02:00:00,30.34,idle_or_offshift,0,normal
2026-02-25 03:00:00,26.878,idle_or_offshift,0,normal
2026-02-25 04:00:00,30.084,idle_or_offshift,0,normal
2026-02-25 05:00:00,27.702,idle_or_offshift,0,normal
2026-02-25 06:00:00,33.528,idle_or_offshift,0,normal
2026-02-25 07:00:00,30.066,idle_or_offshift,0,normal
2026-02-25 08:00:00,35.626,production,0,normal
2026-02-25 09:00:00,36.565,production,0,normal
2026-02-25 10:00:00,39.36,production,0,normal
2026-02-25 11:00:00,38.713,production,0,normal
2026-02-25 12:00:00,37.287,production,0,normal
2026-02-25 13:00:00,32.553,production,0,normal
2026-02-25 14:00:00,32.726,production,0,normal
2026-02-25 15:00:00,35.114,production,0,normal
2026-02-25 16:00:00,30.219,production,0,normal
2026-02-25 17:00:00,30.534,production,0,normal
2026-02-25 18:00:00,29.283,production,0,normal
2026-02-25 19:00:00,21.041,idle_or_offshift,0,normal
2026-02-25 20:00:00,25.707,idle_or_offshift,0,normal
2026-02-25 21:00:00,25.307,idle_or_offshift,0,normal
2026-02-25 22:00:00,25.809,idle_or_offshift,0,normal
2026-02-25 23:00:00,27.008,idle_or_offshift,0,normal
